file,line,type,commit,author,date,time,timezone,datetime,depth,length
style.css,1,css,6d1bfb29,Thomas Deitel,2026-04-09,13:37:32,-07:00,2026-04-09T13:37:32-07:00,0,4
style.css,2,css,2bad54e6,Thomas Deitel,2026-04-17,14:41:47,-07:00,2026-04-17T14:41:47-07:00,1,23
style.css,3,css,6d1bfb29,Thomas Deitel,2026-04-09,13:37:32,-07:00,2026-04-09T13:37:32-07:00,1,62
style.css,4,css,6d1bfb29,Thomas Deitel,2026-04-09,13:37:32,-07:00,2026-04-09T13:37:32-07:00,1,66
style.css,5,css,6d1bfb29,Thomas Deitel,2026-04-09,13:37:32,-07:00,2026-04-09T13:37:32-07:00,1,34
style.css,6,css,2bad54e6,Thomas Deitel,2026-04-17,14:41:47,-07:00,2026-04-17T14:41:47-07:00,1,65
style.css,7,css,2bad54e6,Thomas Deitel,2026-04-17,14:41:47,-07:00,2026-04-17T14:41:47-07:00,1,66
style.css,8,css,2bad54e6,Thomas Deitel,2026-04-17,14:41:47,-07:00,2026-04-17T14:41:47-07:00,1,74
style.css,9,css,2bad54e6,Thomas Deitel,2026-04-17,14:41:47,-07:00,2026-04-17T14:41:47-07:00,1,81
style.css,10,css,2bad54e6,Thomas Deitel,2026-04-17,14:41:47,-07:00,2026-04-17T14:41:47-07:00,1,82
style.css,11,css,2bad54e6,Thomas Deitel,2026-04-17,14:41:47,-07:00,2026-04-17T14:41:47-07:00,1,86
style.css,12,css,2bad54e6,Thomas Deitel,2026-04-17,14:41:47,-07:00,2026-04-17T14:41:47-07:00,1,52
style.css,13,css,2bad54e6,Thomas Deitel,2026-04-17,14:41:47,-07:00,2026-04-17T14:41:47-07:00,1,71
style.css,14,css,2bad54e6,Thomas Deitel,2026-04-17,14:41:47,-07:00,2026-04-17T14:41:47-07:00,1,65
style.css,15,css,2bad54e6,Thomas Deitel,2026-04-17,14:41:47,-07:00,2026-04-17T14:41:47-07:00,1,63
style.css,16,css,6d1bfb29,Thomas Deitel,2026-04-09,13:37:32,-07:00,2026-04-09T13:37:32-07:00,1,32
style.css,17,css,6d1bfb29,Thomas Deitel,2026-04-09,13:37:32,-07:00,2026-04-09T13:37:32-07:00,1,9
style.css,18,css,2bad54e6,Thomas Deitel,2026-04-17,14:41:47,-07:00,2026-04-17T14:41:47-07:00,2,71
style.css,19,css,2bad54e6,Thomas Deitel,2026-04-17,14:41:47,-07:00,2026-04-17T14:41:47-07:00,2,58
style.css,20,css,6d1bfb29,Thomas Deitel,2026-04-09,13:37:32,-07:00,2026-04-09T13:37:32-07:00,1,23
style.css,21,css,6d1bfb29,Thomas Deitel,2026-04-09,13:37:32,-07:00,2026-04-09T13:37:32-07:00,0,0
style.css,22,css,6d1bfb29,Thomas Deitel,2026-04-09,13:37:32,-07:00,2026-04-09T13:37:32-07:00,0,0
style.css,23,css,6d1bfb29,Thomas Deitel,2026-04-09,13:37:32,-07:00,2026-04-09T13:37:32-07:00,0,1
style.css,24,css,6d1bfb29,Thomas Deitel,2026-04-09,13:37:32,-07:00,2026-04-09T13:37:32-07:00,1,21
style.css,25,css,6d1bfb29,Thomas Deitel,2026-04-09,13:37:32,-07:00,2026-04-09T13:37:32-07:00,0,0
style.css,26,css,6d1bfb29,Thomas Deitel,2026-04-09,13:37:32,-07:00,2026-04-09T13:37:32-07:00,0,0
style.css,27,css,51089c59,Thomas Deitel,2026-04-03,16:07:20,-07:00,2026-04-03T16:07:20-07:00,0,4
style.css,28,css,6d1bfb29,Thomas Deitel,2026-04-09,13:37:32,-07:00,2026-04-09T13:37:32-07:00,1,28
style.css,29,css,6d1bfb29,Thomas Deitel,2026-04-09,13:37:32,-07:00,2026-04-09T13:37:32-07:00,1,14
style.css,30,css,6d1bfb29,Thomas Deitel,2026-04-09,13:37:32,-07:00,2026-04-09T13:37:32-07:00,1,15
style.css,31,css,5b1c0da9,Thomas Deitel,2026-04-03,16:16:01,-07:00,2026-04-03T16:16:01-07:00,1,13
style.css,32,css,6d1bfb29,Thomas Deitel,2026-04-09,13:37:32,-07:00,2026-04-09T13:37:32-07:00,1,15
style.css,33,css,6d1bfb29,Thomas Deitel,2026-04-09,13:37:32,-07:00,2026-04-09T13:37:32-07:00,1,16
style.css,34,css,2bad54e6,Thomas Deitel,2026-04-17,14:41:47,-07:00,2026-04-17T14:41:47-07:00,1,28
style.css,35,css,2bad54e6,Thomas Deitel,2026-04-17,14:41:47,-07:00,2026-04-17T14:41:47-07:00,1,17
style.css,36,css,6d1bfb29,Thomas Deitel,2026-04-09,13:37:32,-07:00,2026-04-09T13:37:32-07:00,0,0
style.css,37,css,6d1bfb29,Thomas Deitel,2026-04-09,13:37:32,-07:00,2026-04-09T13:37:32-07:00,0,0
style.css,38,css,6d1bfb29,Thomas Deitel,2026-04-09,13:37:32,-07:00,2026-04-09T13:37:32-07:00,0,1
style.css,39,css,6d1bfb29,Thomas Deitel,2026-04-09,13:37:32,-07:00,2026-04-09T13:37:32-07:00,0,1
style.css,40,css,6d1bfb29,Thomas Deitel,2026-04-09,13:37:32,-07:00,2026-04-09T13:37:32-07:00,0,1
style.css,41,css,6d1bfb29,Thomas Deitel,2026-04-09,13:37:32,-07:00,2026-04-09T13:37:32-07:00,0,1
style.css,42,css,6d1bfb29,Thomas Deitel,2026-04-09,13:37:32,-07:00,2026-04-09T13:37:32-07:00,0,1
style.css,43,css,6d1bfb29,Thomas Deitel,2026-04-09,13:37:32,-07:00,2026-04-09T13:37:32-07:00,0,2
style.css,44,css,6d1bfb29,Thomas Deitel,2026-04-09,13:37:32,-07:00,2026-04-09T13:37:32-07:00,1,31
style.css,45,css,6d1bfb29,Thomas Deitel,2026-04-09,13:37:32,-07:00,2026-04-09T13:37:32-07:00,1,15
style.css,46,css,6d1bfb29,Thomas Deitel,2026-04-09,13:37:32,-07:00,2026-04-09T13:37:32-07:00,1,17
style.css,47,css,6d1bfb29,Thomas Deitel,2026-04-09,13:37:32,-07:00,2026-04-09T13:37:32-07:00,0,0
style.css,48,css,6d1bfb29,Thomas Deitel,2026-04-09,13:37:32,-07:00,2026-04-09T13:37:32-07:00,0,0
style.css,49,css,6d1bfb29,Thomas Deitel,2026-04-09,13:37:32,-07:00,2026-04-09T13:37:32-07:00,0,2
style.css,50,css,6d1bfb29,Thomas Deitel,2026-04-09,13:37:32,-07:00,2026-04-09T13:37:32-07:00,1,14
style.css,51,css,6d1bfb29,Thomas Deitel,2026-04-09,13:37:32,-07:00,2026-04-09T13:37:32-07:00,1,22
style.css,52,css,6d1bfb29,Thomas Deitel,2026-04-09,13:37:32,-07:00,2026-04-09T13:37:32-07:00,1,18
style.css,53,css,6d1bfb29,Thomas Deitel,2026-04-09,13:37:32,-07:00,2026-04-09T13:37:32-07:00,0,0
style.css,54,css,6d1bfb29,Thomas Deitel,2026-04-09,13:37:32,-07:00,2026-04-09T13:37:32-07:00,0,0
style.css,55,css,6d1bfb29,Thomas Deitel,2026-04-09,13:37:32,-07:00,2026-04-09T13:37:32-07:00,0,2
style.css,56,css,6d1bfb29,Thomas Deitel,2026-04-09,13:37:32,-07:00,2026-04-09T13:37:32-07:00,1,16
style.css,57,css,6d1bfb29,Thomas Deitel,2026-04-09,13:37:32,-07:00,2026-04-09T13:37:32-07:00,1,15
style.css,58,css,6d1bfb29,Thomas Deitel,2026-04-09,13:37:32,-07:00,2026-04-09T13:37:32-07:00,0,0
style.css,59,css,6d1bfb29,Thomas Deitel,2026-04-09,13:37:32,-07:00,2026-04-09T13:37:32-07:00,0,0
style.css,60,css,6d1bfb29,Thomas Deitel,2026-04-09,13:37:32,-07:00,2026-04-09T13:37:32-07:00,0,2
style.css,61,css,6d1bfb29,Thomas Deitel,2026-04-09,13:37:32,-07:00,2026-04-09T13:37:32-07:00,1,17
style.css,62,css,6d1bfb29,Thomas Deitel,2026-04-09,13:37:32,-07:00,2026-04-09T13:37:32-07:00,0,0
style.css,63,css,6d1bfb29,Thomas Deitel,2026-04-09,13:37:32,-07:00,2026-04-09T13:37:32-07:00,0,0
style.css,64,css,6d1bfb29,Thomas Deitel,2026-04-09,13:37:32,-07:00,2026-04-09T13:37:32-07:00,0,2
style.css,65,css,6d1bfb29,Thomas Deitel,2026-04-09,13:37:32,-07:00,2026-04-09T13:37:32-07:00,1,14
style.css,66,css,6d1bfb29,Thomas Deitel,2026-04-09,13:37:32,-07:00,2026-04-09T13:37:32-07:00,0,0
style.css,67,css,6d1bfb29,Thomas Deitel,2026-04-09,13:37:32,-07:00,2026-04-09T13:37:32-07:00,0,0
style.css,68,css,6d1bfb29,Thomas Deitel,2026-04-09,13:37:32,-07:00,2026-04-09T13:37:32-07:00,0,1
style.css,69,css,6d1bfb29,Thomas Deitel,2026-04-09,13:37:32,-07:00,2026-04-09T13:37:32-07:00,1,19
style.css,70,css,6d1bfb29,Thomas Deitel,2026-04-09,13:37:32,-07:00,2026-04-09T13:37:32-07:00,1,16
style.css,71,css,6d1bfb29,Thomas Deitel,2026-04-09,13:37:32,-07:00,2026-04-09T13:37:32-07:00,0,0
style.css,72,css,6d1bfb29,Thomas Deitel,2026-04-09,13:37:32,-07:00,2026-04-09T13:37:32-07:00,0,0
style.css,73,css,6d1bfb29,Thomas Deitel,2026-04-09,13:37:32,-07:00,2026-04-09T13:37:32-07:00,0,1
style.css,74,css,6d1bfb29,Thomas Deitel,2026-04-09,13:37:32,-07:00,2026-04-09T13:37:32-07:00,1,25
style.css,75,css,6d1bfb29,Thomas Deitel,2026-04-09,13:37:32,-07:00,2026-04-09T13:37:32-07:00,0,0
style.css,76,css,6d1bfb29,Thomas Deitel,2026-04-09,13:37:32,-07:00,2026-04-09T13:37:32-07:00,0,0
style.css,77,css,6d1bfb29,Thomas Deitel,2026-04-09,13:37:32,-07:00,2026-04-09T13:37:32-07:00,0,6
style.css,78,css,6d1bfb29,Thomas Deitel,2026-04-09,13:37:32,-07:00,2026-04-09T13:37:32-07:00,0,15
style.css,79,css,6d1bfb29,Thomas Deitel,2026-04-09,13:37:32,-07:00,2026-04-09T13:37:32-07:00,1,45
style.css,80,css,5b1c0da9,Thomas Deitel,2026-04-03,16:16:01,-07:00,2026-04-03T16:16:01-07:00,0,0
style.css,81,css,5b1c0da9,Thomas Deitel,2026-04-03,16:16:01,-07:00,2026-04-03T16:16:01-07:00,0,0
style.css,82,css,5b1c0da9,Thomas Deitel,2026-04-03,16:16:01,-07:00,2026-04-03T16:16:01-07:00,0,3
style.css,83,css,2bad54e6,Thomas Deitel,2026-04-17,14:41:47,-07:00,2026-04-17T14:41:47-07:00,1,81
style.css,84,css,2bad54e6,Thomas Deitel,2026-04-17,14:41:47,-07:00,2026-04-17T14:41:47-07:00,1,43
style.css,85,css,5b1c0da9,Thomas Deitel,2026-04-03,16:16:01,-07:00,2026-04-03T16:16:01-07:00,1,12
style.css,86,css,5b1c0da9,Thomas Deitel,2026-04-03,16:16:01,-07:00,2026-04-03T16:16:01-07:00,1,14
style.css,87,css,6d1bfb29,Thomas Deitel,2026-04-09,13:37:32,-07:00,2026-04-09T13:37:32-07:00,1,11
style.css,88,css,5b1c0da9,Thomas Deitel,2026-04-03,16:16:01,-07:00,2026-04-03T16:16:01-07:00,1,18
style.css,89,css,5b1c0da9,Thomas Deitel,2026-04-03,16:16:01,-07:00,2026-04-03T16:16:01-07:00,0,0
style.css,90,css,5b1c0da9,Thomas Deitel,2026-04-03,16:16:01,-07:00,2026-04-03T16:16:01-07:00,0,0
style.css,91,css,6d1bfb29,Thomas Deitel,2026-04-09,13:37:32,-07:00,2026-04-09T13:37:32-07:00,0,5
style.css,92,css,6d1bfb29,Thomas Deitel,2026-04-09,13:37:32,-07:00,2026-04-09T13:37:32-07:00,1,37
style.css,93,css,6d1bfb29,Thomas Deitel,2026-04-09,13:37:32,-07:00,2026-04-09T13:37:32-07:00,1,13
style.css,94,css,6d1bfb29,Thomas Deitel,2026-04-09,13:37:32,-07:00,2026-04-09T13:37:32-07:00,1,13
style.css,95,css,6d1bfb29,Thomas Deitel,2026-04-09,13:37:32,-07:00,2026-04-09T13:37:32-07:00,1,22
style.css,96,css,6d1bfb29,Thomas Deitel,2026-04-09,13:37:32,-07:00,2026-04-09T13:37:32-07:00,1,17
style.css,97,css,6d1bfb29,Thomas Deitel,2026-04-09,13:37:32,-07:00,2026-04-09T13:37:32-07:00,1,20
style.css,98,css,6d1bfb29,Thomas Deitel,2026-04-09,13:37:32,-07:00,2026-04-09T13:37:32-07:00,0,0
style.css,99,css,6d1bfb29,Thomas Deitel,2026-04-09,13:37:32,-07:00,2026-04-09T13:37:32-07:00,0,0
style.css,100,css,6d1bfb29,Thomas Deitel,2026-04-09,13:37:32,-07:00,2026-04-09T13:37:32-07:00,0,13
style.css,101,css,6d1bfb29,Thomas Deitel,2026-04-09,13:37:32,-07:00,2026-04-09T13:37:32-07:00,1,46
style.css,102,css,6d1bfb29,Thomas Deitel,2026-04-09,13:37:32,-07:00,2026-04-09T13:37:32-07:00,1,15
style.css,103,css,6d1bfb29,Thomas Deitel,2026-04-09,13:37:32,-07:00,2026-04-09T13:37:32-07:00,0,0
style.css,104,css,6d1bfb29,Thomas Deitel,2026-04-09,13:37:32,-07:00,2026-04-09T13:37:32-07:00,0,0
style.css,105,css,6d1bfb29,Thomas Deitel,2026-04-09,13:37:32,-07:00,2026-04-09T13:37:32-07:00,0,10
style.css,106,css,6d1bfb29,Thomas Deitel,2026-04-09,13:37:32,-07:00,2026-04-09T13:37:32-07:00,0,19
style.css,107,css,2bad54e6,Thomas Deitel,2026-04-17,14:41:47,-07:00,2026-04-17T14:41:47-07:00,1,69
style.css,108,css,6d1bfb29,Thomas Deitel,2026-04-09,13:37:32,-07:00,2026-04-09T13:37:32-07:00,1,39
style.css,109,css,6d1bfb29,Thomas Deitel,2026-04-09,13:37:32,-07:00,2026-04-09T13:37:32-07:00,1,13
style.css,110,css,6d1bfb29,Thomas Deitel,2026-04-09,13:37:32,-07:00,2026-04-09T13:37:32-07:00,0,0
style.css,111,css,6d1bfb29,Thomas Deitel,2026-04-09,13:37:32,-07:00,2026-04-09T13:37:32-07:00,0,0
style.css,112,css,5b1c0da9,Thomas Deitel,2026-04-03,16:16:01,-07:00,2026-04-03T16:16:01-07:00,0,3
style.css,113,css,5b1c0da9,Thomas Deitel,2026-04-03,16:16:01,-07:00,2026-04-03T16:16:01-07:00,1,13
style.css,114,css,5b1c0da9,Thomas Deitel,2026-04-03,16:16:01,-07:00,2026-04-03T16:16:01-07:00,1,11
style.css,115,css,5b1c0da9,Thomas Deitel,2026-04-03,16:16:01,-07:00,2026-04-03T16:16:01-07:00,1,14
style.css,116,css,5b1c0da9,Thomas Deitel,2026-04-03,16:16:01,-07:00,2026-04-03T16:16:01-07:00,0,0
style.css,117,css,5b1c0da9,Thomas Deitel,2026-04-03,16:16:01,-07:00,2026-04-03T16:16:01-07:00,0,0
style.css,118,css,6d1bfb29,Thomas Deitel,2026-04-09,13:37:32,-07:00,2026-04-09T13:37:32-07:00,0,10
style.css,119,css,6d1bfb29,Thomas Deitel,2026-04-09,13:37:32,-07:00,2026-04-09T13:37:32-07:00,1,18
style.css,120,css,6d1bfb29,Thomas Deitel,2026-04-09,13:37:32,-07:00,2026-04-09T13:37:32-07:00,1,53
style.css,121,css,6d1bfb29,Thomas Deitel,2026-04-09,13:37:32,-07:00,2026-04-09T13:37:32-07:00,1,15
style.css,122,css,6d1bfb29,Thomas Deitel,2026-04-09,13:37:32,-07:00,2026-04-09T13:37:32-07:00,1,22
style.css,123,css,6d1bfb29,Thomas Deitel,2026-04-09,13:37:32,-07:00,2026-04-09T13:37:32-07:00,0,0
style.css,124,css,6d1bfb29,Thomas Deitel,2026-04-09,13:37:32,-07:00,2026-04-09T13:37:32-07:00,0,0
style.css,125,css,f66ca596,Thomas Deitel,2026-04-24,17:58:52,-07:00,2026-04-24T17:58:52-07:00,0,8
style.css,126,css,f66ca596,Thomas Deitel,2026-04-24,17:58:52,-07:00,2026-04-24T17:58:52-07:00,1,24
style.css,127,css,f66ca596,Thomas Deitel,2026-04-24,17:58:52,-07:00,2026-04-24T17:58:52-07:00,1,17
style.css,128,css,f66ca596,Thomas Deitel,2026-04-24,17:58:52,-07:00,2026-04-24T17:58:52-07:00,1,15
style.css,129,css,f66ca596,Thomas Deitel,2026-04-24,17:58:52,-07:00,2026-04-24T17:58:52-07:00,1,21
style.css,130,css,f66ca596,Thomas Deitel,2026-04-24,17:58:52,-07:00,2026-04-24T17:58:52-07:00,1,21
style.css,131,css,f66ca596,Thomas Deitel,2026-04-24,17:58:52,-07:00,2026-04-24T17:58:52-07:00,1,24
style.css,132,css,f66ca596,Thomas Deitel,2026-04-24,17:58:52,-07:00,2026-04-24T17:58:52-07:00,0,0
style.css,133,css,f66ca596,Thomas Deitel,2026-04-24,17:58:52,-07:00,2026-04-24T17:58:52-07:00,0,0
style.css,134,css,5b1c0da9,Thomas Deitel,2026-04-03,16:16:01,-07:00,2026-04-03T16:16:01-07:00,0,7
style.css,135,css,5b1c0da9,Thomas Deitel,2026-04-03,16:16:01,-07:00,2026-04-03T16:16:01-07:00,1,15
style.css,136,css,5b1c0da9,Thomas Deitel,2026-04-03,16:16:01,-07:00,2026-04-03T16:16:01-07:00,0,0
style.css,137,css,5b1c0da9,Thomas Deitel,2026-04-03,16:16:01,-07:00,2026-04-03T16:16:01-07:00,0,0
style.css,138,css,5b1c0da9,Thomas Deitel,2026-04-03,16:16:01,-07:00,2026-04-03T16:16:01-07:00,0,12
style.css,139,css,6d1bfb29,Thomas Deitel,2026-04-09,13:37:32,-07:00,2026-04-09T13:37:32-07:00,1,43
style.css,140,css,5b1c0da9,Thomas Deitel,2026-04-03,16:16:01,-07:00,2026-04-03T16:16:01-07:00,1,22
style.css,141,css,5b1c0da9,Thomas Deitel,2026-04-03,16:16:01,-07:00,2026-04-03T16:16:01-07:00,0,0
style.css,142,css,5b1c0da9,Thomas Deitel,2026-04-03,16:16:01,-07:00,2026-04-03T16:16:01-07:00,0,0
style.css,143,css,6d1bfb29,Thomas Deitel,2026-04-09,13:37:32,-07:00,2026-04-09T13:37:32-07:00,0,4
style.css,144,css,6d1bfb29,Thomas Deitel,2026-04-09,13:37:32,-07:00,2026-04-09T13:37:32-07:00,1,12
style.css,145,css,6d1bfb29,Thomas Deitel,2026-04-09,13:37:32,-07:00,2026-04-09T13:37:32-07:00,1,7
style.css,146,css,6d1bfb29,Thomas Deitel,2026-04-09,13:37:32,-07:00,2026-04-09T13:37:32-07:00,1,30
style.css,147,css,6d1bfb29,Thomas Deitel,2026-04-09,13:37:32,-07:00,2026-04-09T13:37:32-07:00,1,15
style.css,148,css,51089c59,Thomas Deitel,2026-04-03,16:07:20,-07:00,2026-04-03T16:07:20-07:00,0,0
style.css,149,css,58496286,Thomas Deitel,2026-04-03,16:09:59,-07:00,2026-04-03T16:09:59-07:00,0,0
style.css,150,css,58496286,Thomas Deitel,2026-04-03,16:09:59,-07:00,2026-04-03T16:09:59-07:00,0,5
style.css,151,css,6d1bfb29,Thomas Deitel,2026-04-09,13:37:32,-07:00,2026-04-09T13:37:32-07:00,1,17
style.css,152,css,6d1bfb29,Thomas Deitel,2026-04-09,13:37:32,-07:00,2026-04-09T13:37:32-07:00,1,12
style.css,153,css,6d1bfb29,Thomas Deitel,2026-04-09,13:37:32,-07:00,2026-04-09T13:37:32-07:00,1,11
style.css,154,css,6d1bfb29,Thomas Deitel,2026-04-09,13:37:32,-07:00,2026-04-09T13:37:32-07:00,1,18
style.css,155,css,6d1bfb29,Thomas Deitel,2026-04-09,13:37:32,-07:00,2026-04-09T13:37:32-07:00,1,29
style.css,156,css,58496286,Thomas Deitel,2026-04-03,16:09:59,-07:00,2026-04-03T16:09:59-07:00,0,0
style.css,157,css,58496286,Thomas Deitel,2026-04-03,16:09:59,-07:00,2026-04-03T16:09:59-07:00,0,0
style.css,158,css,2bad54e6,Thomas Deitel,2026-04-17,14:41:47,-07:00,2026-04-17T14:41:47-07:00,0,4
style.css,159,css,2bad54e6,Thomas Deitel,2026-04-17,14:41:47,-07:00,2026-04-17T14:41:47-07:00,0,7
style.css,160,css,2bad54e6,Thomas Deitel,2026-04-17,14:41:47,-07:00,2026-04-17T14:41:47-07:00,0,5
style.css,161,css,2bad54e6,Thomas Deitel,2026-04-17,14:41:47,-07:00,2026-04-17T14:41:47-07:00,0,6
style.css,162,css,2bad54e6,Thomas Deitel,2026-04-17,14:41:47,-07:00,2026-04-17T14:41:47-07:00,1,12
style.css,163,css,2bad54e6,Thomas Deitel,2026-04-17,14:41:47,-07:00,2026-04-17T14:41:47-07:00,0,0
style.css,164,css,2bad54e6,Thomas Deitel,2026-04-17,14:41:47,-07:00,2026-04-17T14:41:47-07:00,0,0
style.css,165,css,58496286,Thomas Deitel,2026-04-03,16:09:59,-07:00,2026-04-03T16:09:59-07:00,0,4
style.css,166,css,58496286,Thomas Deitel,2026-04-03,16:09:59,-07:00,2026-04-03T16:09:59-07:00,0,7
style.css,167,css,58496286,Thomas Deitel,2026-04-03,16:09:59,-07:00,2026-04-03T16:09:59-07:00,0,6
style.css,168,css,6d1bfb29,Thomas Deitel,2026-04-09,13:37:32,-07:00,2026-04-09T13:37:32-07:00,1,21
style.css,169,css,6d1bfb29,Thomas Deitel,2026-04-09,13:37:32,-07:00,2026-04-09T13:37:32-07:00,1,22
style.css,170,css,58496286,Thomas Deitel,2026-04-03,16:09:59,-07:00,2026-04-03T16:09:59-07:00,0,0
style.css,171,css,58496286,Thomas Deitel,2026-04-03,16:09:59,-07:00,2026-04-03T16:09:59-07:00,0,0
style.css,172,css,58496286,Thomas Deitel,2026-04-03,16:09:59,-07:00,2026-04-03T16:09:59-07:00,0,4
style.css,173,css,58496286,Thomas Deitel,2026-04-03,16:09:59,-07:00,2026-04-03T16:09:59-07:00,0,8
style.css,174,css,2bad54e6,Thomas Deitel,2026-04-17,14:41:47,-07:00,2026-04-17T14:41:47-07:00,1,35
style.css,175,css,6d1bfb29,Thomas Deitel,2026-04-09,13:37:32,-07:00,2026-04-09T13:37:32-07:00,1,36
style.css,176,css,2bad54e6,Thomas Deitel,2026-04-17,14:41:47,-07:00,2026-04-17T14:41:47-07:00,1,13
style.css,177,css,58496286,Thomas Deitel,2026-04-03,16:09:59,-07:00,2026-04-03T16:09:59-07:00,1,10
style.css,178,css,58496286,Thomas Deitel,2026-04-03,16:09:59,-07:00,2026-04-03T16:09:59-07:00,0,0
style.css,179,css,5b1c0da9,Thomas Deitel,2026-04-03,16:16:01,-07:00,2026-04-03T16:16:01-07:00,0,0
style.css,180,css,6d1bfb29,Thomas Deitel,2026-04-09,13:37:32,-07:00,2026-04-09T13:37:32-07:00,0,8
style.css,181,css,6d1bfb29,Thomas Deitel,2026-04-09,13:37:32,-07:00,2026-04-09T13:37:32-07:00,1,16
style.css,182,css,6d1bfb29,Thomas Deitel,2026-04-09,13:37:32,-07:00,2026-04-09T13:37:32-07:00,1,15
style.css,183,css,6d1bfb29,Thomas Deitel,2026-04-09,13:37:32,-07:00,2026-04-09T13:37:32-07:00,0,0
style.css,184,css,6d1bfb29,Thomas Deitel,2026-04-09,13:37:32,-07:00,2026-04-09T13:37:32-07:00,0,0
style.css,185,css,6d1bfb29,Thomas Deitel,2026-04-09,13:37:32,-07:00,2026-04-09T13:37:32-07:00,0,6
style.css,186,css,6d1bfb29,Thomas Deitel,2026-04-09,13:37:32,-07:00,2026-04-09T13:37:32-07:00,1,36
style.css,187,css,6d1bfb29,Thomas Deitel,2026-04-09,13:37:32,-07:00,2026-04-09T13:37:32-07:00,1,8
style.css,188,css,6d1bfb29,Thomas Deitel,2026-04-09,13:37:32,-07:00,2026-04-09T13:37:32-07:00,1,11
style.css,189,css,6d1bfb29,Thomas Deitel,2026-04-09,13:37:32,-07:00,2026-04-09T13:37:32-07:00,1,14
style.css,190,css,6d1bfb29,Thomas Deitel,2026-04-09,13:37:32,-07:00,2026-04-09T13:37:32-07:00,1,15
style.css,191,css,6d1bfb29,Thomas Deitel,2026-04-09,13:37:32,-07:00,2026-04-09T13:37:32-07:00,1,18
style.css,192,css,6d1bfb29,Thomas Deitel,2026-04-09,13:37:32,-07:00,2026-04-09T13:37:32-07:00,1,18
style.css,193,css,6d1bfb29,Thomas Deitel,2026-04-09,13:37:32,-07:00,2026-04-09T13:37:32-07:00,1,21
style.css,194,css,6d1bfb29,Thomas Deitel,2026-04-09,13:37:32,-07:00,2026-04-09T13:37:32-07:00,0,0
style.css,195,css,6d1bfb29,Thomas Deitel,2026-04-09,13:37:32,-07:00,2026-04-09T13:37:32-07:00,0,0
style.css,196,css,6d1bfb29,Thomas Deitel,2026-04-09,13:37:32,-07:00,2026-04-09T13:37:32-07:00,0,11
style.css,197,css,6d1bfb29,Thomas Deitel,2026-04-09,13:37:32,-07:00,2026-04-09T13:37:32-07:00,0,20
style.css,198,css,6d1bfb29,Thomas Deitel,2026-04-09,13:37:32,-07:00,2026-04-09T13:37:32-07:00,1,56
style.css,199,css,6d1bfb29,Thomas Deitel,2026-04-09,13:37:32,-07:00,2026-04-09T13:37:32-07:00,0,0
style.css,200,css,6d1bfb29,Thomas Deitel,2026-04-09,13:37:32,-07:00,2026-04-09T13:37:32-07:00,0,0
style.css,201,css,2bad54e6,Thomas Deitel,2026-04-17,14:41:47,-07:00,2026-04-17T14:41:47-07:00,0,13
style.css,202,css,2bad54e6,Thomas Deitel,2026-04-17,14:41:47,-07:00,2026-04-17T14:41:47-07:00,1,18
style.css,203,css,2bad54e6,Thomas Deitel,2026-04-17,14:41:47,-07:00,2026-04-17T14:41:47-07:00,1,68
style.css,204,css,2bad54e6,Thomas Deitel,2026-04-17,14:41:47,-07:00,2026-04-17T14:41:47-07:00,1,36
style.css,205,css,2bad54e6,Thomas Deitel,2026-04-17,14:41:47,-07:00,2026-04-17T14:41:47-07:00,1,19
style.css,206,css,2bad54e6,Thomas Deitel,2026-04-17,14:41:47,-07:00,2026-04-17T14:41:47-07:00,1,54
style.css,207,css,2bad54e6,Thomas Deitel,2026-04-17,14:41:47,-07:00,2026-04-17T14:41:47-07:00,1,19
style.css,208,css,2bad54e6,Thomas Deitel,2026-04-17,14:41:47,-07:00,2026-04-17T14:41:47-07:00,1,16
style.css,209,css,2bad54e6,Thomas Deitel,2026-04-17,14:41:47,-07:00,2026-04-17T14:41:47-07:00,1,10
style.css,210,css,2bad54e6,Thomas Deitel,2026-04-17,14:41:47,-07:00,2026-04-17T14:41:47-07:00,1,38
style.css,211,css,2bad54e6,Thomas Deitel,2026-04-17,14:41:47,-07:00,2026-04-17T14:41:47-07:00,1,17
style.css,212,css,2bad54e6,Thomas Deitel,2026-04-17,14:41:47,-07:00,2026-04-17T14:41:47-07:00,1,12
style.css,213,css,2bad54e6,Thomas Deitel,2026-04-17,14:41:47,-07:00,2026-04-17T14:41:47-07:00,1,8
style.css,214,css,2bad54e6,Thomas Deitel,2026-04-17,14:41:47,-07:00,2026-04-17T14:41:47-07:00,1,9
style.css,215,css,2bad54e6,Thomas Deitel,2026-04-17,14:41:47,-07:00,2026-04-17T14:41:47-07:00,0,0
style.css,216,css,2bad54e6,Thomas Deitel,2026-04-17,14:41:47,-07:00,2026-04-17T14:41:47-07:00,0,0
style.css,217,css,2bad54e6,Thomas Deitel,2026-04-17,14:41:47,-07:00,2026-04-17T14:41:47-07:00,0,20
style.css,218,css,2bad54e6,Thomas Deitel,2026-04-17,14:41:47,-07:00,2026-04-17T14:41:47-07:00,1,22
style.css,219,css,2bad54e6,Thomas Deitel,2026-04-17,14:41:47,-07:00,2026-04-17T14:41:47-07:00,1,8
style.css,220,css,2bad54e6,Thomas Deitel,2026-04-17,14:41:47,-07:00,2026-04-17T14:41:47-07:00,1,13
style.css,221,css,2bad54e6,Thomas Deitel,2026-04-17,14:41:47,-07:00,2026-04-17T14:41:47-07:00,1,23
style.css,222,css,2bad54e6,Thomas Deitel,2026-04-17,14:41:47,-07:00,2026-04-17T14:41:47-07:00,0,0
style.css,223,css,2bad54e6,Thomas Deitel,2026-04-17,14:41:47,-07:00,2026-04-17T14:41:47-07:00,0,0
style.css,224,css,2bad54e6,Thomas Deitel,2026-04-17,14:41:47,-07:00,2026-04-17T14:41:47-07:00,0,34
style.css,225,css,2bad54e6,Thomas Deitel,2026-04-17,14:41:47,-07:00,2026-04-17T14:41:47-07:00,1,37
style.css,226,css,2bad54e6,Thomas Deitel,2026-04-17,14:41:47,-07:00,2026-04-17T14:41:47-07:00,1,21
style.css,227,css,2bad54e6,Thomas Deitel,2026-04-17,14:41:47,-07:00,2026-04-17T14:41:47-07:00,0,0
style.css,228,css,2bad54e6,Thomas Deitel,2026-04-17,14:41:47,-07:00,2026-04-17T14:41:47-07:00,0,0
style.css,229,css,6d1bfb29,Thomas Deitel,2026-04-09,13:37:32,-07:00,2026-04-09T13:37:32-07:00,0,9
style.css,230,css,6d1bfb29,Thomas Deitel,2026-04-09,13:37:32,-07:00,2026-04-09T13:37:32-07:00,1,12
style.css,231,css,6d1bfb29,Thomas Deitel,2026-04-09,13:37:32,-07:00,2026-04-09T13:37:32-07:00,1,8
style.css,232,css,f66ca596,Thomas Deitel,2026-04-24,17:58:52,-07:00,2026-04-24T17:58:52-07:00,1,58
style.css,233,css,6d1bfb29,Thomas Deitel,2026-04-09,13:37:32,-07:00,2026-04-09T13:37:32-07:00,0,0
style.css,234,css,6d1bfb29,Thomas Deitel,2026-04-09,13:37:32,-07:00,2026-04-09T13:37:32-07:00,0,0
style.css,235,css,6d1bfb29,Thomas Deitel,2026-04-09,13:37:32,-07:00,2026-04-09T13:37:32-07:00,0,17
style.css,236,css,6d1bfb29,Thomas Deitel,2026-04-09,13:37:32,-07:00,2026-04-09T13:37:32-07:00,1,31
style.css,237,css,6d1bfb29,Thomas Deitel,2026-04-09,13:37:32,-07:00,2026-04-09T13:37:32-07:00,1,36
style.css,238,css,6d1bfb29,Thomas Deitel,2026-04-09,13:37:32,-07:00,2026-04-09T13:37:32-07:00,1,18
style.css,239,css,6d1bfb29,Thomas Deitel,2026-04-09,13:37:32,-07:00,2026-04-09T13:37:32-07:00,1,49
style.css,240,css,6d1bfb29,Thomas Deitel,2026-04-09,13:37:32,-07:00,2026-04-09T13:37:32-07:00,1,12
style.css,241,css,f66ca596,Thomas Deitel,2026-04-24,17:58:52,-07:00,2026-04-24T17:58:52-07:00,1,11
style.css,242,css,e98842ee,Thomas Deitel,2026-05-01,18:45:44,-07:00,2026-05-01T18:45:44-07:00,1,32
style.css,243,css,6d1bfb29,Thomas Deitel,2026-04-09,13:37:32,-07:00,2026-04-09T13:37:32-07:00,1,12
style.css,244,css,6d1bfb29,Thomas Deitel,2026-04-09,13:37:32,-07:00,2026-04-09T13:37:32-07:00,0,0
style.css,245,css,6d1bfb29,Thomas Deitel,2026-04-09,13:37:32,-07:00,2026-04-09T13:37:32-07:00,0,0
style.css,246,css,6d1bfb29,Thomas Deitel,2026-04-09,13:37:32,-07:00,2026-04-09T13:37:32-07:00,0,11
style.css,247,css,6d1bfb29,Thomas Deitel,2026-04-09,13:37:32,-07:00,2026-04-09T13:37:32-07:00,0,15
style.css,248,css,6d1bfb29,Thomas Deitel,2026-04-09,13:37:32,-07:00,2026-04-09T13:37:32-07:00,0,16
style.css,249,css,6d1bfb29,Thomas Deitel,2026-04-09,13:37:32,-07:00,2026-04-09T13:37:32-07:00,1,8
style.css,250,css,6d1bfb29,Thomas Deitel,2026-04-09,13:37:32,-07:00,2026-04-09T13:37:32-07:00,0,0
style.css,251,css,6d1bfb29,Thomas Deitel,2026-04-09,13:37:32,-07:00,2026-04-09T13:37:32-07:00,0,0
style.css,252,css,6d1bfb29,Thomas Deitel,2026-04-09,13:37:32,-07:00,2026-04-09T13:37:32-07:00,0,11
style.css,253,css,6d1bfb29,Thomas Deitel,2026-04-09,13:37:32,-07:00,2026-04-09T13:37:32-07:00,1,8
style.css,254,css,6d1bfb29,Thomas Deitel,2026-04-09,13:37:32,-07:00,2026-04-09T13:37:32-07:00,0,0
style.css,255,css,6d1bfb29,Thomas Deitel,2026-04-09,13:37:32,-07:00,2026-04-09T13:37:32-07:00,0,0
style.css,256,css,f66ca596,Thomas Deitel,2026-04-24,17:58:52,-07:00,2026-04-24T17:58:52-07:00,0,14
style.css,257,css,f66ca596,Thomas Deitel,2026-04-24,17:58:52,-07:00,2026-04-24T17:58:52-07:00,1,25
style.css,258,css,f66ca596,Thomas Deitel,2026-04-24,17:58:52,-07:00,2026-04-24T17:58:52-07:00,1,15
style.css,259,css,f66ca596,Thomas Deitel,2026-04-24,17:58:52,-07:00,2026-04-24T17:58:52-07:00,1,19
style.css,260,css,f66ca596,Thomas Deitel,2026-04-24,17:58:52,-07:00,2026-04-24T17:58:52-07:00,0,0
style.css,261,css,f66ca596,Thomas Deitel,2026-04-24,17:58:52,-07:00,2026-04-24T17:58:52-07:00,0,0
style.css,262,css,f66ca596,Thomas Deitel,2026-04-24,17:58:52,-07:00,2026-04-24T17:58:52-07:00,0,13
style.css,263,css,f66ca596,Thomas Deitel,2026-04-24,17:58:52,-07:00,2026-04-24T17:58:52-07:00,1,24
style.css,264,css,e98842ee,Thomas Deitel,2026-05-01,18:45:44,-07:00,2026-05-01T18:45:44-07:00,1,60
style.css,265,css,f66ca596,Thomas Deitel,2026-04-24,17:58:52,-07:00,2026-04-24T17:58:52-07:00,1,17
style.css,266,css,e98842ee,Thomas Deitel,2026-05-01,18:45:44,-07:00,2026-05-01T18:45:44-07:00,1,34
style.css,267,css,e98842ee,Thomas Deitel,2026-05-01,18:45:44,-07:00,2026-05-01T18:45:44-07:00,1,15
style.css,268,css,f66ca596,Thomas Deitel,2026-04-24,17:58:52,-07:00,2026-04-24T17:58:52-07:00,0,0
style.css,269,css,f66ca596,Thomas Deitel,2026-04-24,17:58:52,-07:00,2026-04-24T17:58:52-07:00,0,0
style.css,270,css,f66ca596,Thomas Deitel,2026-04-24,17:58:52,-07:00,2026-04-24T17:58:52-07:00,0,14
style.css,271,css,f66ca596,Thomas Deitel,2026-04-24,17:58:52,-07:00,2026-04-24T17:58:52-07:00,1,13
style.css,272,css,f66ca596,Thomas Deitel,2026-04-24,17:58:52,-07:00,2026-04-24T17:58:52-07:00,0,0
style.css,273,css,f66ca596,Thomas Deitel,2026-04-24,17:58:52,-07:00,2026-04-24T17:58:52-07:00,0,0
style.css,274,css,2bad54e6,Thomas Deitel,2026-04-17,14:41:47,-07:00,2026-04-17T14:41:47-07:00,0,14
style.css,275,css,2bad54e6,Thomas Deitel,2026-04-17,14:41:47,-07:00,2026-04-17T14:41:47-07:00,1,13
style.css,276,css,2bad54e6,Thomas Deitel,2026-04-17,14:41:47,-07:00,2026-04-17T14:41:47-07:00,1,20
style.css,277,css,2bad54e6,Thomas Deitel,2026-04-17,14:41:47,-07:00,2026-04-17T14:41:47-07:00,0,0
style.css,278,css,2bad54e6,Thomas Deitel,2026-04-17,14:41:47,-07:00,2026-04-17T14:41:47-07:00,0,0
style.css,279,css,2bad54e6,Thomas Deitel,2026-04-17,14:41:47,-07:00,2026-04-17T14:41:47-07:00,0,19
style.css,280,css,2bad54e6,Thomas Deitel,2026-04-17,14:41:47,-07:00,2026-04-17T14:41:47-07:00,0,28
style.css,281,css,2bad54e6,Thomas Deitel,2026-04-17,14:41:47,-07:00,2026-04-17T14:41:47-07:00,1,25
style.css,282,css,2bad54e6,Thomas Deitel,2026-04-17,14:41:47,-07:00,2026-04-17T14:41:47-07:00,0,0
style.css,283,css,2bad54e6,Thomas Deitel,2026-04-17,14:41:47,-07:00,2026-04-17T14:41:47-07:00,0,0
style.css,284,css,6d1bfb29,Thomas Deitel,2026-04-09,13:37:32,-07:00,2026-04-09T13:37:32-07:00,0,13
style.css,285,css,6d1bfb29,Thomas Deitel,2026-04-09,13:37:32,-07:00,2026-04-09T13:37:32-07:00,1,20
style.css,286,css,6d1bfb29,Thomas Deitel,2026-04-09,13:37:32,-07:00,2026-04-09T13:37:32-07:00,1,9
style.css,287,css,2bad54e6,Thomas Deitel,2026-04-17,14:41:47,-07:00,2026-04-17T14:41:47-07:00,2,14
style.css,288,css,2bad54e6,Thomas Deitel,2026-04-17,14:41:47,-07:00,2026-04-17T14:41:47-07:00,3,5
style.css,289,css,2bad54e6,Thomas Deitel,2026-04-17,14:41:47,-07:00,2026-04-17T14:41:47-07:00,3,51
style.css,290,css,2bad54e6,Thomas Deitel,2026-04-17,14:41:47,-07:00,2026-04-17T14:41:47-07:00,3,36
style.css,291,css,2bad54e6,Thomas Deitel,2026-04-17,14:41:47,-07:00,2026-04-17T14:41:47-07:00,2,0
style.css,292,css,2bad54e6,Thomas Deitel,2026-04-17,14:41:47,-07:00,2026-04-17T14:41:47-07:00,2,89
style.css,293,css,6d1bfb29,Thomas Deitel,2026-04-09,13:37:32,-07:00,2026-04-09T13:37:32-07:00,1,21
style.css,294,css,6d1bfb29,Thomas Deitel,2026-04-09,13:37:32,-07:00,2026-04-09T13:37:32-07:00,1,16
style.css,295,css,6d1bfb29,Thomas Deitel,2026-04-09,13:37:32,-07:00,2026-04-09T13:37:32-07:00,1,10
style.css,296,css,6d1bfb29,Thomas Deitel,2026-04-09,13:37:32,-07:00,2026-04-09T13:37:32-07:00,0,0
style.css,297,css,6d1bfb29,Thomas Deitel,2026-04-09,13:37:32,-07:00,2026-04-09T13:37:32-07:00,0,0
style.css,298,css,f66ca596,Thomas Deitel,2026-04-24,17:58:52,-07:00,2026-04-24T17:58:52-07:00,0,20
style.css,299,css,f66ca596,Thomas Deitel,2026-04-24,17:58:52,-07:00,2026-04-24T17:58:52-07:00,1,23
style.css,300,css,f66ca596,Thomas Deitel,2026-04-24,17:58:52,-07:00,2026-04-24T17:58:52-07:00,0,0
style.css,301,css,f66ca596,Thomas Deitel,2026-04-24,17:58:52,-07:00,2026-04-24T17:58:52-07:00,0,0
style.css,302,css,e98842ee,Thomas Deitel,2026-05-01,18:45:44,-07:00,2026-05-01T18:45:44-07:00,0,13
style.css,303,css,e98842ee,Thomas Deitel,2026-05-01,18:45:44,-07:00,2026-05-01T18:45:44-07:00,1,12
style.css,304,css,e98842ee,Thomas Deitel,2026-05-01,18:45:44,-07:00,2026-05-01T18:45:44-07:00,1,11
style.css,305,css,e98842ee,Thomas Deitel,2026-05-01,18:45:44,-07:00,2026-05-01T18:45:44-07:00,0,0
style.css,306,css,e98842ee,Thomas Deitel,2026-05-01,18:45:44,-07:00,2026-05-01T18:45:44-07:00,0,0
style.css,307,css,e98842ee,Thomas Deitel,2026-05-01,18:45:44,-07:00,2026-05-01T18:45:44-07:00,0,15
style.css,308,css,e98842ee,Thomas Deitel,2026-05-01,18:45:44,-07:00,2026-05-01T18:45:44-07:00,1,18
style.css,309,css,e98842ee,Thomas Deitel,2026-05-01,18:45:44,-07:00,2026-05-01T18:45:44-07:00,1,12
style.css,310,css,e98842ee,Thomas Deitel,2026-05-01,18:45:44,-07:00,2026-05-01T18:45:44-07:00,1,10
style.css,311,css,e98842ee,Thomas Deitel,2026-05-01,18:45:44,-07:00,2026-05-01T18:45:44-07:00,1,19
style.css,312,css,e98842ee,Thomas Deitel,2026-05-01,18:45:44,-07:00,2026-05-01T18:45:44-07:00,0,0
style.css,313,css,e98842ee,Thomas Deitel,2026-05-01,18:45:44,-07:00,2026-05-01T18:45:44-07:00,0,0
style.css,314,css,e98842ee,Thomas Deitel,2026-05-01,18:45:44,-07:00,2026-05-01T18:45:44-07:00,0,18
style.css,315,css,e98842ee,Thomas Deitel,2026-05-01,18:45:44,-07:00,2026-05-01T18:45:44-07:00,1,24
style.css,316,css,e98842ee,Thomas Deitel,2026-05-01,18:45:44,-07:00,2026-05-01T18:45:44-07:00,1,14
style.css,317,css,e98842ee,Thomas Deitel,2026-05-01,18:45:44,-07:00,2026-05-01T18:45:44-07:00,1,16
style.css,318,css,e98842ee,Thomas Deitel,2026-05-01,18:45:44,-07:00,2026-05-01T18:45:44-07:00,0,0
style.css,319,css,e98842ee,Thomas Deitel,2026-05-01,18:45:44,-07:00,2026-05-01T18:45:44-07:00,0,0
style.css,320,css,e98842ee,Thomas Deitel,2026-05-01,18:45:44,-07:00,2026-05-01T18:45:44-07:00,0,23
style.css,321,css,e98842ee,Thomas Deitel,2026-05-01,18:45:44,-07:00,2026-05-01T18:45:44-07:00,1,14
style.css,322,css,e98842ee,Thomas Deitel,2026-05-01,18:45:44,-07:00,2026-05-01T18:45:44-07:00,1,36
style.css,323,css,e98842ee,Thomas Deitel,2026-05-01,18:45:44,-07:00,2026-05-01T18:45:44-07:00,0,0
style.css,324,css,e98842ee,Thomas Deitel,2026-05-01,18:45:44,-07:00,2026-05-01T18:45:44-07:00,0,0
style.css,325,css,e98842ee,Thomas Deitel,2026-05-01,18:45:44,-07:00,2026-05-01T18:45:44-07:00,0,36
style.css,326,css,e98842ee,Thomas Deitel,2026-05-01,18:45:44,-07:00,2026-05-01T18:45:44-07:00,0,26
style.css,327,css,e98842ee,Thomas Deitel,2026-05-01,18:45:44,-07:00,2026-05-01T18:45:44-07:00,1,37
style.css,328,css,e98842ee,Thomas Deitel,2026-05-01,18:45:44,-07:00,2026-05-01T18:45:44-07:00,1,22
style.css,329,css,e98842ee,Thomas Deitel,2026-05-01,18:45:44,-07:00,2026-05-01T18:45:44-07:00,0,0
style.css,330,css,e98842ee,Thomas Deitel,2026-05-01,18:45:44,-07:00,2026-05-01T18:45:44-07:00,0,0
style.css,331,css,e98842ee,Thomas Deitel,2026-05-01,18:45:44,-07:00,2026-05-01T18:45:44-07:00,0,51
style.css,332,css,e98842ee,Thomas Deitel,2026-05-01,18:45:44,-07:00,2026-05-01T18:45:44-07:00,1,11
style.css,333,css,e98842ee,Thomas Deitel,2026-05-01,18:45:44,-07:00,2026-05-01T18:45:44-07:00,0,0
style.css,334,css,e98842ee,Thomas Deitel,2026-05-01,18:45:44,-07:00,2026-05-01T18:45:44-07:00,0,0
style.css,335,css,e98842ee,Thomas Deitel,2026-05-01,18:45:44,-07:00,2026-05-01T18:45:44-07:00,0,7
style.css,336,css,e98842ee,Thomas Deitel,2026-05-01,18:45:44,-07:00,2026-05-01T18:45:44-07:00,1,36
style.css,337,css,e98842ee,Thomas Deitel,2026-05-01,18:45:44,-07:00,2026-05-01T18:45:44-07:00,1,21
style.css,338,css,e98842ee,Thomas Deitel,2026-05-01,18:45:44,-07:00,2026-05-01T18:45:44-07:00,1,12
style.css,339,css,e98842ee,Thomas Deitel,2026-05-01,18:45:44,-07:00,2026-05-01T18:45:44-07:00,1,6
style.css,340,css,e98842ee,Thomas Deitel,2026-05-01,18:45:44,-07:00,2026-05-01T18:45:44-07:00,1,16
style.css,341,css,e98842ee,Thomas Deitel,2026-05-01,18:45:44,-07:00,2026-05-01T18:45:44-07:00,1,57
style.css,342,css,e98842ee,Thomas Deitel,2026-05-01,18:45:44,-07:00,2026-05-01T18:45:44-07:00,1,15
style.css,343,css,e98842ee,Thomas Deitel,2026-05-01,18:45:44,-07:00,2026-05-01T18:45:44-07:00,1,8
style.css,344,css,e98842ee,Thomas Deitel,2026-05-01,18:45:44,-07:00,2026-05-01T18:45:44-07:00,1,12
style.css,345,css,e98842ee,Thomas Deitel,2026-05-01,18:45:44,-07:00,2026-05-01T18:45:44-07:00,0,0
style.css,346,css,e98842ee,Thomas Deitel,2026-05-01,18:45:44,-07:00,2026-05-01T18:45:44-07:00,0,0
style.css,347,css,e98842ee,Thomas Deitel,2026-05-01,18:45:44,-07:00,2026-05-01T18:45:44-07:00,0,12
style.css,348,css,e98842ee,Thomas Deitel,2026-05-01,18:45:44,-07:00,2026-05-01T18:45:44-07:00,1,18
style.css,349,css,e98842ee,Thomas Deitel,2026-05-01,18:45:44,-07:00,2026-05-01T18:45:44-07:00,1,20
style.css,350,css,e98842ee,Thomas Deitel,2026-05-01,18:45:44,-07:00,2026-05-01T18:45:44-07:00,1,14
style.css,351,css,e98842ee,Thomas Deitel,2026-05-01,18:45:44,-07:00,2026-05-01T18:45:44-07:00,1,12
style.css,352,css,e98842ee,Thomas Deitel,2026-05-01,18:45:44,-07:00,2026-05-01T18:45:44-07:00,1,11
style.css,353,css,e98842ee,Thomas Deitel,2026-05-01,18:45:44,-07:00,2026-05-01T18:45:44-07:00,1,8
style.css,354,css,e98842ee,Thomas Deitel,2026-05-01,18:45:44,-07:00,2026-05-01T18:45:44-07:00,1,11
style.css,355,css,e98842ee,Thomas Deitel,2026-05-01,18:45:44,-07:00,2026-05-01T18:45:44-07:00,1,14
style.css,356,css,e98842ee,Thomas Deitel,2026-05-01,18:45:44,-07:00,2026-05-01T18:45:44-07:00,0,0
style.css,357,css,e98842ee,Thomas Deitel,2026-05-01,18:45:44,-07:00,2026-05-01T18:45:44-07:00,0,0
style.css,358,css,e98842ee,Thomas Deitel,2026-05-01,18:45:44,-07:00,2026-05-01T18:45:44-07:00,0,20
style.css,359,css,e98842ee,Thomas Deitel,2026-05-01,18:45:44,-07:00,2026-05-01T18:45:44-07:00,1,18
style.css,360,css,e98842ee,Thomas Deitel,2026-05-01,18:45:44,-07:00,2026-05-01T18:45:44-07:00,1,23
style.css,361,css,e98842ee,Thomas Deitel,2026-05-01,18:45:44,-07:00,2026-05-01T18:45:44-07:00,1,20
style.css,362,css,e98842ee,Thomas Deitel,2026-05-01,18:45:44,-07:00,2026-05-01T18:45:44-07:00,1,47
style.css,363,css,e98842ee,Thomas Deitel,2026-05-01,18:45:44,-07:00,2026-05-01T18:45:44-07:00,1,20
style.css,364,css,e98842ee,Thomas Deitel,2026-05-01,18:45:44,-07:00,2026-05-01T18:45:44-07:00,1,12
style.css,365,css,e98842ee,Thomas Deitel,2026-05-01,18:45:44,-07:00,2026-05-01T18:45:44-07:00,0,0
style.css,366,css,e98842ee,Thomas Deitel,2026-05-01,18:45:44,-07:00,2026-05-01T18:45:44-07:00,0,0
style.css,367,css,e98842ee,Thomas Deitel,2026-05-01,18:45:44,-07:00,2026-05-01T18:45:44-07:00,0,15
style.css,368,css,e98842ee,Thomas Deitel,2026-05-01,18:45:44,-07:00,2026-05-01T18:45:44-07:00,1,24
style.css,369,css,e98842ee,Thomas Deitel,2026-05-01,18:45:44,-07:00,2026-05-01T18:45:44-07:00,1,17
style.css,370,css,e98842ee,Thomas Deitel,2026-05-01,18:45:44,-07:00,2026-05-01T18:45:44-07:00,0,0
style.css,371,css,e98842ee,Thomas Deitel,2026-05-01,18:45:44,-07:00,2026-05-01T18:45:44-07:00,0,0
style.css,372,css,e98842ee,Thomas Deitel,2026-05-01,18:45:44,-07:00,2026-05-01T18:45:44-07:00,0,9
style.css,373,css,e98842ee,Thomas Deitel,2026-05-01,18:45:44,-07:00,2026-05-01T18:45:44-07:00,1,36
style.css,374,css,e98842ee,Thomas Deitel,2026-05-01,18:45:44,-07:00,2026-05-01T18:45:44-07:00,0,0
style.css,375,css,e98842ee,Thomas Deitel,2026-05-01,18:45:44,-07:00,2026-05-01T18:45:44-07:00,0,0
style.css,376,css,e98842ee,Thomas Deitel,2026-05-01,18:45:44,-07:00,2026-05-01T18:45:44-07:00,0,18
style.css,377,css,e98842ee,Thomas Deitel,2026-05-01,18:45:44,-07:00,2026-05-01T18:45:44-07:00,1,17
style.css,378,css,e98842ee,Thomas Deitel,2026-05-01,18:45:44,-07:00,2026-05-01T18:45:44-07:00,0,0
style.css,379,css,e98842ee,Thomas Deitel,2026-05-01,18:45:44,-07:00,2026-05-01T18:45:44-07:00,0,0
style.css,380,css,e98842ee,Thomas Deitel,2026-05-01,18:45:44,-07:00,2026-05-01T18:45:44-07:00,0,21
style.css,381,css,e98842ee,Thomas Deitel,2026-05-01,18:45:44,-07:00,2026-05-01T18:45:44-07:00,1,56
style.css,382,css,e98842ee,Thomas Deitel,2026-05-01,18:45:44,-07:00,2026-05-01T18:45:44-07:00,1,23
style.css,383,css,e98842ee,Thomas Deitel,2026-05-01,18:45:44,-07:00,2026-05-01T18:45:44-07:00,1,15
style.css,384,css,e98842ee,Thomas Deitel,2026-05-01,18:45:44,-07:00,2026-05-01T18:45:44-07:00,0,0
style.css,385,css,e98842ee,Thomas Deitel,2026-05-01,18:45:44,-07:00,2026-05-01T18:45:44-07:00,0,0
style.css,386,css,e98842ee,Thomas Deitel,2026-05-01,18:45:44,-07:00,2026-05-01T18:45:44-07:00,0,10
style.css,387,css,e98842ee,Thomas Deitel,2026-05-01,18:45:44,-07:00,2026-05-01T18:45:44-07:00,1,18
style.css,388,css,e98842ee,Thomas Deitel,2026-05-01,18:45:44,-07:00,2026-05-01T18:45:44-07:00,0,0
style.css,389,css,e98842ee,Thomas Deitel,2026-05-01,18:45:44,-07:00,2026-05-01T18:45:44-07:00,0,0
style.css,390,css,f66ca596,Thomas Deitel,2026-04-24,17:58:52,-07:00,2026-04-24T17:58:52-07:00,0,14
style.css,391,css,f66ca596,Thomas Deitel,2026-04-24,17:58:52,-07:00,2026-04-24T17:58:52-07:00,0,12
style.css,392,css,f66ca596,Thomas Deitel,2026-04-24,17:58:52,-07:00,2026-04-24T17:58:52-07:00,1,24
style.css,393,css,f66ca596,Thomas Deitel,2026-04-24,17:58:52,-07:00,2026-04-24T17:58:52-07:00,0,0
style.css,394,css,f66ca596,Thomas Deitel,2026-04-24,17:58:52,-07:00,2026-04-24T17:58:52-07:00,0,0
style.css,395,css,f66ca596,Thomas Deitel,2026-04-24,17:58:52,-07:00,2026-04-24T17:58:52-07:00,0,10
style.css,396,css,f66ca596,Thomas Deitel,2026-04-24,17:58:52,-07:00,2026-04-24T17:58:52-07:00,1,18
style.css,397,css,f66ca596,Thomas Deitel,2026-04-24,17:58:52,-07:00,2026-04-24T17:58:52-07:00,1,9
style.css,398,css,f66ca596,Thomas Deitel,2026-04-24,17:58:52,-07:00,2026-04-24T17:58:52-07:00,2,83
style.css,399,css,f66ca596,Thomas Deitel,2026-04-24,17:58:52,-07:00,2026-04-24T17:58:52-07:00,2,23
style.css,400,css,f66ca596,Thomas Deitel,2026-04-24,17:58:52,-07:00,2026-04-24T17:58:52-07:00,1,12
style.css,401,css,f66ca596,Thomas Deitel,2026-04-24,17:58:52,-07:00,2026-04-24T17:58:52-07:00,1,10
style.css,402,css,f66ca596,Thomas Deitel,2026-04-24,17:58:52,-07:00,2026-04-24T17:58:52-07:00,1,59
style.css,403,css,f66ca596,Thomas Deitel,2026-04-24,17:58:52,-07:00,2026-04-24T17:58:52-07:00,1,15
style.css,404,css,f66ca596,Thomas Deitel,2026-04-24,17:58:52,-07:00,2026-04-24T17:58:52-07:00,0,0
style.css,405,css,f66ca596,Thomas Deitel,2026-04-24,17:58:52,-07:00,2026-04-24T17:58:52-07:00,0,0
style.css,406,css,f66ca596,Thomas Deitel,2026-04-24,17:58:52,-07:00,2026-04-24T17:58:52-07:00,0,24
style.css,407,css,f66ca596,Thomas Deitel,2026-04-24,17:58:52,-07:00,2026-04-24T17:58:52-07:00,1,15
style.css,408,css,f66ca596,Thomas Deitel,2026-04-24,17:58:52,-07:00,2026-04-24T17:58:52-07:00,0,0
style.css,409,css,f66ca596,Thomas Deitel,2026-04-24,17:58:52,-07:00,2026-04-24T17:58:52-07:00,0,0
style.css,410,css,f66ca596,Thomas Deitel,2026-04-24,17:58:52,-07:00,2026-04-24T17:58:52-07:00,0,14
style.css,411,css,f66ca596,Thomas Deitel,2026-04-24,17:58:52,-07:00,2026-04-24T17:58:52-07:00,1,21
style.css,412,css,f66ca596,Thomas Deitel,2026-04-24,17:58:52,-07:00,2026-04-24T17:58:52-07:00,1,53
style.css,413,css,f66ca596,Thomas Deitel,2026-04-24,17:58:52,-07:00,2026-04-24T17:58:52-07:00,1,16
style.css,414,css,f66ca596,Thomas Deitel,2026-04-24,17:58:52,-07:00,2026-04-24T17:58:52-07:00,1,22
style.css,415,css,f66ca596,Thomas Deitel,2026-04-24,17:58:52,-07:00,2026-04-24T17:58:52-07:00,0,0
style.css,416,css,f66ca596,Thomas Deitel,2026-04-24,17:58:52,-07:00,2026-04-24T17:58:52-07:00,0,0
style.css,417,css,f66ca596,Thomas Deitel,2026-04-24,17:58:52,-07:00,2026-04-24T17:58:52-07:00,0,14
style.css,418,css,f66ca596,Thomas Deitel,2026-04-24,17:58:52,-07:00,2026-04-24T17:58:52-07:00,1,15
style.css,419,css,f66ca596,Thomas Deitel,2026-04-24,17:58:52,-07:00,2026-04-24T17:58:52-07:00,0,0
style.css,420,css,f66ca596,Thomas Deitel,2026-04-24,17:58:52,-07:00,2026-04-24T17:58:52-07:00,0,0
style.css,421,css,f66ca596,Thomas Deitel,2026-04-24,17:58:52,-07:00,2026-04-24T17:58:52-07:00,0,17
style.css,422,css,f66ca596,Thomas Deitel,2026-04-24,17:58:52,-07:00,2026-04-24T17:58:52-07:00,1,12
style.css,423,css,f66ca596,Thomas Deitel,2026-04-24,17:58:52,-07:00,2026-04-24T17:58:52-07:00,1,8
style.css,424,css,f66ca596,Thomas Deitel,2026-04-24,17:58:52,-07:00,2026-04-24T17:58:52-07:00,1,47
style.css,425,css,f66ca596,Thomas Deitel,2026-04-24,17:58:52,-07:00,2026-04-24T17:58:52-07:00,1,8
style.css,426,css,f66ca596,Thomas Deitel,2026-04-24,17:58:52,-07:00,2026-04-24T17:58:52-07:00,0,0
style.css,427,css,f66ca596,Thomas Deitel,2026-04-24,17:58:52,-07:00,2026-04-24T17:58:52-07:00,0,0
style.css,428,css,f66ca596,Thomas Deitel,2026-04-24,17:58:52,-07:00,2026-04-24T17:58:52-07:00,0,23
style.css,429,css,f66ca596,Thomas Deitel,2026-04-24,17:58:52,-07:00,2026-04-24T17:58:52-07:00,1,68
style.css,430,css,f66ca596,Thomas Deitel,2026-04-24,17:58:52,-07:00,2026-04-24T17:58:52-07:00,1,36
style.css,431,css,f66ca596,Thomas Deitel,2026-04-24,17:58:52,-07:00,2026-04-24T17:58:52-07:00,1,18
style.css,432,css,f66ca596,Thomas Deitel,2026-04-24,17:58:52,-07:00,2026-04-24T17:58:52-07:00,1,12
style.css,433,css,f66ca596,Thomas Deitel,2026-04-24,17:58:52,-07:00,2026-04-24T17:58:52-07:00,0,0
style.css,434,css,f66ca596,Thomas Deitel,2026-04-24,17:58:52,-07:00,2026-04-24T17:58:52-07:00,0,0
style.css,435,css,f66ca596,Thomas Deitel,2026-04-24,17:58:52,-07:00,2026-04-24T17:58:52-07:00,0,17
style.css,436,css,f66ca596,Thomas Deitel,2026-04-24,17:58:52,-07:00,2026-04-24T17:58:52-07:00,1,24
style.css,437,css,f66ca596,Thomas Deitel,2026-04-24,17:58:52,-07:00,2026-04-24T17:58:52-07:00,1,17
style.css,438,css,f66ca596,Thomas Deitel,2026-04-24,17:58:52,-07:00,2026-04-24T17:58:52-07:00,1,15
style.css,439,css,f66ca596,Thomas Deitel,2026-04-24,17:58:52,-07:00,2026-04-24T17:58:52-07:00,1,18
style.css,440,css,f66ca596,Thomas Deitel,2026-04-24,17:58:52,-07:00,2026-04-24T17:58:52-07:00,1,24
style.css,441,css,f66ca596,Thomas Deitel,2026-04-24,17:58:52,-07:00,2026-04-24T17:58:52-07:00,0,0
style.css,442,css,f66ca596,Thomas Deitel,2026-04-24,17:58:52,-07:00,2026-04-24T17:58:52-07:00,0,0
style.css,443,css,f66ca596,Thomas Deitel,2026-04-24,17:58:52,-07:00,2026-04-24T17:58:52-07:00,0,17
style.css,444,css,f66ca596,Thomas Deitel,2026-04-24,17:58:52,-07:00,2026-04-24T17:58:52-07:00,1,16
style.css,445,css,f66ca596,Thomas Deitel,2026-04-24,17:58:52,-07:00,2026-04-24T17:58:52-07:00,1,15
style.css,446,css,f66ca596,Thomas Deitel,2026-04-24,17:58:52,-07:00,2026-04-24T17:58:52-07:00,1,8
style.css,447,css,f66ca596,Thomas Deitel,2026-04-24,17:58:52,-07:00,2026-04-24T17:58:52-07:00,0,0
style.css,448,css,f66ca596,Thomas Deitel,2026-04-24,17:58:52,-07:00,2026-04-24T17:58:52-07:00,0,0
style.css,449,css,e621152c,Thomas Deitel,2026-05-08,13:23:04,-07:00,2026-05-08T13:23:04-07:00,0,6
style.css,450,css,e621152c,Thomas Deitel,2026-05-08,13:23:04,-07:00,2026-05-08T13:23:04-07:00,1,12
style.css,451,css,e621152c,Thomas Deitel,2026-05-08,13:23:04,-07:00,2026-05-08T13:23:04-07:00,1,16
style.css,452,css,e621152c,Thomas Deitel,2026-05-08,13:23:04,-07:00,2026-05-08T13:23:04-07:00,1,58
style.css,453,css,e621152c,Thomas Deitel,2026-05-08,13:23:04,-07:00,2026-05-08T13:23:04-07:00,1,15
style.css,454,css,e621152c,Thomas Deitel,2026-05-08,13:23:04,-07:00,2026-05-08T13:23:04-07:00,0,0
style.css,455,css,e621152c,Thomas Deitel,2026-05-08,13:23:04,-07:00,2026-05-08T13:23:04-07:00,0,0
style.css,456,css,e621152c,Thomas Deitel,2026-05-08,13:23:04,-07:00,2026-05-08T13:23:04-07:00,0,9
style.css,457,css,e621152c,Thomas Deitel,2026-05-08,13:23:04,-07:00,2026-05-08T13:23:04-07:00,1,24
style.css,458,css,e621152c,Thomas Deitel,2026-05-08,13:23:04,-07:00,2026-05-08T13:23:04-07:00,1,17
style.css,459,css,e621152c,Thomas Deitel,2026-05-08,13:23:04,-07:00,2026-05-08T13:23:04-07:00,1,15
style.css,460,css,e621152c,Thomas Deitel,2026-05-08,13:23:04,-07:00,2026-05-08T13:23:04-07:00,1,24
style.css,461,css,e621152c,Thomas Deitel,2026-05-08,13:23:04,-07:00,2026-05-08T13:23:04-07:00,0,0
style.css,462,css,e621152c,Thomas Deitel,2026-05-08,13:23:04,-07:00,2026-05-08T13:23:04-07:00,0,0
style.css,463,css,e621152c,Thomas Deitel,2026-05-08,13:23:04,-07:00,2026-05-08T13:23:04-07:00,0,9
style.css,464,css,e621152c,Thomas Deitel,2026-05-08,13:23:04,-07:00,2026-05-08T13:23:04-07:00,1,17
style.css,465,css,e621152c,Thomas Deitel,2026-05-08,13:23:04,-07:00,2026-05-08T13:23:04-07:00,1,15
style.css,466,css,e621152c,Thomas Deitel,2026-05-08,13:23:04,-07:00,2026-05-08T13:23:04-07:00,1,8
style.css,467,css,e621152c,Thomas Deitel,2026-05-08,13:23:04,-07:00,2026-05-08T13:23:04-07:00,1,22
style.css,468,css,e621152c,Thomas Deitel,2026-05-08,13:23:04,-07:00,2026-05-08T13:23:04-07:00,0,0
style.css,469,css,e621152c,Thomas Deitel,2026-05-08,13:23:04,-07:00,2026-05-08T13:23:04-07:00,0,0
style.css,470,css,e621152c,Thomas Deitel,2026-05-08,13:23:04,-07:00,2026-05-08T13:23:04-07:00,0,6
style.css,471,css,e621152c,Thomas Deitel,2026-05-08,13:23:04,-07:00,2026-05-08T13:23:04-07:00,1,17
style.css,472,css,e621152c,Thomas Deitel,2026-05-08,13:23:04,-07:00,2026-05-08T13:23:04-07:00,1,15
style.css,473,css,e621152c,Thomas Deitel,2026-05-08,13:23:04,-07:00,2026-05-08T13:23:04-07:00,1,32
style.css,474,css,e621152c,Thomas Deitel,2026-05-08,13:23:04,-07:00,2026-05-08T13:23:04-07:00,0,0
style.css,475,css,e621152c,Thomas Deitel,2026-05-08,13:23:04,-07:00,2026-05-08T13:23:04-07:00,0,0
style.css,476,css,e621152c,Thomas Deitel,2026-05-08,13:23:04,-07:00,2026-05-08T13:23:04-07:00,0,10
style.css,477,css,e621152c,Thomas Deitel,2026-05-08,13:23:04,-07:00,2026-05-08T13:23:04-07:00,1,13
style.css,478,css,e621152c,Thomas Deitel,2026-05-08,13:23:04,-07:00,2026-05-08T13:23:04-07:00,1,15
style.css,479,css,e621152c,Thomas Deitel,2026-05-08,13:23:04,-07:00,2026-05-08T13:23:04-07:00,1,10
style.css,480,css,e621152c,Thomas Deitel,2026-05-08,13:23:04,-07:00,2026-05-08T13:23:04-07:00,0,0
style.css,481,css,e621152c,Thomas Deitel,2026-05-08,13:23:04,-07:00,2026-05-08T13:23:04-07:00,0,0
style.css,482,css,e621152c,Thomas Deitel,2026-05-08,13:23:04,-07:00,2026-05-08T13:23:04-07:00,0,15
style.css,483,css,e621152c,Thomas Deitel,2026-05-08,13:23:04,-07:00,2026-05-08T13:23:04-07:00,1,64
style.css,484,css,e621152c,Thomas Deitel,2026-05-08,13:23:04,-07:00,2026-05-08T13:23:04-07:00,0,0
style.css,485,css,e621152c,Thomas Deitel,2026-05-08,13:23:04,-07:00,2026-05-08T13:23:04-07:00,0,0
style.css,486,css,e621152c,Thomas Deitel,2026-05-08,13:23:04,-07:00,2026-05-08T13:23:04-07:00,0,14
style.css,487,css,e621152c,Thomas Deitel,2026-05-08,13:23:04,-07:00,2026-05-08T13:23:04-07:00,0,11
style.css,488,css,e621152c,Thomas Deitel,2026-05-08,13:23:04,-07:00,2026-05-08T13:23:04-07:00,0,12
style.css,489,css,e621152c,Thomas Deitel,2026-05-08,13:23:04,-07:00,2026-05-08T13:23:04-07:00,1,33
style.css,490,css,e621152c,Thomas Deitel,2026-05-08,13:23:04,-07:00,2026-05-08T13:23:04-07:00,0,0
style.css,491,css,e621152c,Thomas Deitel,2026-05-08,13:23:04,-07:00,2026-05-08T13:23:04-07:00,0,0
style.css,492,css,e621152c,Thomas Deitel,2026-05-08,13:23:04,-07:00,2026-05-08T13:23:04-07:00,0,11
style.css,493,css,e621152c,Thomas Deitel,2026-05-08,13:23:04,-07:00,2026-05-08T13:23:04-07:00,0,12
style.css,494,css,e621152c,Thomas Deitel,2026-05-08,13:23:04,-07:00,2026-05-08T13:23:04-07:00,1,23
style.css,495,css,e621152c,Thomas Deitel,2026-05-08,13:23:04,-07:00,2026-05-08T13:23:04-07:00,1,28
style.css,496,css,e621152c,Thomas Deitel,2026-05-08,13:23:04,-07:00,2026-05-08T13:23:04-07:00,0,0
style.css,497,css,e621152c,Thomas Deitel,2026-05-08,13:23:04,-07:00,2026-05-08T13:23:04-07:00,0,0
style.css,498,css,e621152c,Thomas Deitel,2026-05-08,13:23:04,-07:00,2026-05-08T13:23:04-07:00,0,6
style.css,499,css,e621152c,Thomas Deitel,2026-05-08,13:23:04,-07:00,2026-05-08T13:23:04-07:00,1,58
style.css,500,css,e621152c,Thomas Deitel,2026-05-08,13:23:04,-07:00,2026-05-08T13:23:04-07:00,1,22
style.css,501,css,e621152c,Thomas Deitel,2026-05-08,13:23:04,-07:00,2026-05-08T13:23:04-07:00,1,23
style.css,502,css,e621152c,Thomas Deitel,2026-05-08,13:23:04,-07:00,2026-05-08T13:23:04-07:00,0,0
style.css,503,css,e621152c,Thomas Deitel,2026-05-08,13:23:04,-07:00,2026-05-08T13:23:04-07:00,0,0
style.css,504,css,e621152c,Thomas Deitel,2026-05-08,13:23:04,-07:00,2026-05-08T13:23:04-07:00,0,12
style.css,505,css,e621152c,Thomas Deitel,2026-05-08,13:23:04,-07:00,2026-05-08T13:23:04-07:00,1,20
style.css,506,css,e621152c,Thomas Deitel,2026-05-08,13:23:04,-07:00,2026-05-08T13:23:04-07:00,0,0
style.css,507,css,e621152c,Thomas Deitel,2026-05-08,13:23:04,-07:00,2026-05-08T13:23:04-07:00,0,0
style.css,508,css,e621152c,Thomas Deitel,2026-05-08,13:23:04,-07:00,2026-05-08T13:23:04-07:00,0,15
style.css,509,css,e621152c,Thomas Deitel,2026-05-08,13:23:04,-07:00,2026-05-08T13:23:04-07:00,1,12
style.css,510,css,e621152c,Thomas Deitel,2026-05-08,13:23:04,-07:00,2026-05-08T13:23:04-07:00,0,0
style.css,511,css,e621152c,Thomas Deitel,2026-05-08,13:23:04,-07:00,2026-05-08T13:23:04-07:00,0,0
style.css,512,css,e621152c,Thomas Deitel,2026-05-08,13:23:04,-07:00,2026-05-08T13:23:04-07:00,0,7
style.css,513,css,e621152c,Thomas Deitel,2026-05-08,13:23:04,-07:00,2026-05-08T13:23:04-07:00,1,12
style.css,514,css,e621152c,Thomas Deitel,2026-05-08,13:23:04,-07:00,2026-05-08T13:23:04-07:00,1,19
style.css,515,css,e621152c,Thomas Deitel,2026-05-08,13:23:04,-07:00,2026-05-08T13:23:04-07:00,1,48
style.css,516,css,e621152c,Thomas Deitel,2026-05-08,13:23:04,-07:00,2026-05-08T13:23:04-07:00,1,8
style.css,517,css,e621152c,Thomas Deitel,2026-05-08,13:23:04,-07:00,2026-05-08T13:23:04-07:00,1,25
style.css,518,css,e621152c,Thomas Deitel,2026-05-08,13:23:04,-07:00,2026-05-08T13:23:04-07:00,1,39
style.css,519,css,e621152c,Thomas Deitel,2026-05-08,13:23:04,-07:00,2026-05-08T13:23:04-07:00,0,0
style.css,520,css,e621152c,Thomas Deitel,2026-05-08,13:23:04,-07:00,2026-05-08T13:23:04-07:00,0,0
style.css,521,css,e621152c,Thomas Deitel,2026-05-08,13:23:04,-07:00,2026-05-08T13:23:04-07:00,0,10
style.css,522,css,e621152c,Thomas Deitel,2026-05-08,13:23:04,-07:00,2026-05-08T13:23:04-07:00,1,24
style.css,523,css,e621152c,Thomas Deitel,2026-05-08,13:23:04,-07:00,2026-05-08T13:23:04-07:00,1,17
style.css,524,css,e621152c,Thomas Deitel,2026-05-08,13:23:04,-07:00,2026-05-08T13:23:04-07:00,1,15
style.css,525,css,e621152c,Thomas Deitel,2026-05-08,13:23:04,-07:00,2026-05-08T13:23:04-07:00,1,24
style.css,526,css,e621152c,Thomas Deitel,2026-05-08,13:23:04,-07:00,2026-05-08T13:23:04-07:00,0,0
style.css,527,css,e621152c,Thomas Deitel,2026-05-08,13:23:04,-07:00,2026-05-08T13:23:04-07:00,0,0
style.css,528,css,e621152c,Thomas Deitel,2026-05-08,13:23:04,-07:00,2026-05-08T13:23:04-07:00,0,10
style.css,529,css,e621152c,Thomas Deitel,2026-05-08,13:23:04,-07:00,2026-05-08T13:23:04-07:00,1,8
style.css,530,css,e621152c,Thomas Deitel,2026-05-08,13:23:04,-07:00,2026-05-08T13:23:04-07:00,0,0
style.css,531,css,e621152c,Thomas Deitel,2026-05-08,13:23:04,-07:00,2026-05-08T13:23:04-07:00,0,0
style.css,532,css,e621152c,Thomas Deitel,2026-05-08,13:23:04,-07:00,2026-05-08T13:23:04-07:00,0,42
style.css,533,css,e621152c,Thomas Deitel,2026-05-08,13:23:04,-07:00,2026-05-08T13:23:04-07:00,1,9
style.css,534,css,e621152c,Thomas Deitel,2026-05-08,13:23:04,-07:00,2026-05-08T13:23:04-07:00,1,17
style.css,535,css,e621152c,Thomas Deitel,2026-05-08,13:23:04,-07:00,2026-05-08T13:23:04-07:00,0,0
style.css,536,css,e621152c,Thomas Deitel,2026-05-08,13:23:04,-07:00,2026-05-08T13:23:04-07:00,0,0
style.css,537,css,e621152c,Thomas Deitel,2026-05-08,13:23:04,-07:00,2026-05-08T13:23:04-07:00,0,8
style.css,538,css,e621152c,Thomas Deitel,2026-05-08,13:23:04,-07:00,2026-05-08T13:23:04-07:00,1,64
style.css,539,css,e621152c,Thomas Deitel,2026-05-08,13:23:04,-07:00,2026-05-08T13:23:04-07:00,1,36
style.css,540,css,e621152c,Thomas Deitel,2026-05-08,13:23:04,-07:00,2026-05-08T13:23:04-07:00,1,20
style.css,541,css,e621152c,Thomas Deitel,2026-05-08,13:23:04,-07:00,2026-05-08T13:23:04-07:00,1,49
style.css,542,css,e621152c,Thomas Deitel,2026-05-08,13:23:04,-07:00,2026-05-08T13:23:04-07:00,1,9
style.css,543,css,e621152c,Thomas Deitel,2026-05-08,13:23:04,-07:00,2026-05-08T13:23:04-07:00,1,40
style.css,544,css,e621152c,Thomas Deitel,2026-05-08,13:23:04,-07:00,2026-05-08T13:23:04-07:00,1,22
style.css,545,css,e621152c,Thomas Deitel,2026-05-08,13:23:04,-07:00,2026-05-08T13:23:04-07:00,1,19
style.css,546,css,e621152c,Thomas Deitel,2026-05-08,13:23:04,-07:00,2026-05-08T13:23:04-07:00,1,14
style.css,547,css,e621152c,Thomas Deitel,2026-05-08,13:23:04,-07:00,2026-05-08T13:23:04-07:00,1,8
style.css,548,css,e621152c,Thomas Deitel,2026-05-08,13:23:04,-07:00,2026-05-08T13:23:04-07:00,1,9
style.css,549,css,e621152c,Thomas Deitel,2026-05-08,13:23:04,-07:00,2026-05-08T13:23:04-07:00,0,0
style.css,550,css,e621152c,Thomas Deitel,2026-05-08,13:23:04,-07:00,2026-05-08T13:23:04-07:00,0,0
style.css,551,css,e621152c,Thomas Deitel,2026-05-08,13:23:04,-07:00,2026-05-08T13:23:04-07:00,0,24
style.css,552,css,e621152c,Thomas Deitel,2026-05-08,13:23:04,-07:00,2026-05-08T13:23:04-07:00,1,2
style.css,553,css,e621152c,Thomas Deitel,2026-05-08,13:23:04,-07:00,2026-05-08T13:23:04-07:00,2,20
style.css,554,css,e621152c,Thomas Deitel,2026-05-08,13:23:04,-07:00,2026-05-08T13:23:04-07:00,1,0
style.css,555,css,e621152c,Thomas Deitel,2026-05-08,13:23:04,-07:00,2026-05-08T13:23:04-07:00,0,0
style.css,556,css,e621152c,Thomas Deitel,2026-05-08,13:23:04,-07:00,2026-05-08T13:23:04-07:00,0,0
style.css,557,css,e621152c,Thomas Deitel,2026-05-08,13:23:04,-07:00,2026-05-08T13:23:04-07:00,0,10
style.css,558,css,e621152c,Thomas Deitel,2026-05-08,13:23:04,-07:00,2026-05-08T13:23:04-07:00,1,24
style.css,559,css,e621152c,Thomas Deitel,2026-05-08,13:23:04,-07:00,2026-05-08T13:23:04-07:00,1,16
style.css,560,css,e621152c,Thomas Deitel,2026-05-08,13:23:04,-07:00,2026-05-08T13:23:04-07:00,1,24
style.css,561,css,e621152c,Thomas Deitel,2026-05-08,13:23:04,-07:00,2026-05-08T13:23:04-07:00,1,20
style.css,562,css,e621152c,Thomas Deitel,2026-05-08,13:23:04,-07:00,2026-05-08T13:23:04-07:00,1,18
style.css,563,css,e621152c,Thomas Deitel,2026-05-08,13:23:04,-07:00,2026-05-08T13:23:04-07:00,1,42
style.css,564,css,e621152c,Thomas Deitel,2026-05-08,13:23:04,-07:00,2026-05-08T13:23:04-07:00,0,0
style.css,565,css,e621152c,Thomas Deitel,2026-05-08,13:23:04,-07:00,2026-05-08T13:23:04-07:00,0,0
style.css,566,css,6d1bfb29,Thomas Deitel,2026-04-09,13:37:32,-07:00,2026-04-09T13:37:32-07:00,0,4
style.css,567,css,6d1bfb29,Thomas Deitel,2026-04-09,13:37:32,-07:00,2026-04-09T13:37:32-07:00,1,12
style.css,568,css,6d1bfb29,Thomas Deitel,2026-04-09,13:37:32,-07:00,2026-04-09T13:37:32-07:00,1,10
style.css,569,css,6d1bfb29,Thomas Deitel,2026-04-09,13:37:32,-07:00,2026-04-09T13:37:32-07:00,0,0
style.css,570,css,6d1bfb29,Thomas Deitel,2026-04-09,13:37:32,-07:00,2026-04-09T13:37:32-07:00,0,0
style.css,571,css,6d1bfb29,Thomas Deitel,2026-04-09,13:37:32,-07:00,2026-04-09T13:37:32-07:00,0,13
style.css,572,css,6d1bfb29,Thomas Deitel,2026-04-09,13:37:32,-07:00,2026-04-09T13:37:32-07:00,0,14
style.css,573,css,6d1bfb29,Thomas Deitel,2026-04-09,13:37:32,-07:00,2026-04-09T13:37:32-07:00,1,31
style.css,574,css,6d1bfb29,Thomas Deitel,2026-04-09,13:37:32,-07:00,2026-04-09T13:37:32-07:00,1,36
style.css,575,css,6d1bfb29,Thomas Deitel,2026-04-09,13:37:32,-07:00,2026-04-09T13:37:32-07:00,1,18
style.css,576,css,6d1bfb29,Thomas Deitel,2026-04-09,13:37:32,-07:00,2026-04-09T13:37:32-07:00,1,49
style.css,577,css,6d1bfb29,Thomas Deitel,2026-04-09,13:37:32,-07:00,2026-04-09T13:37:32-07:00,1,15
style.css,578,css,6d1bfb29,Thomas Deitel,2026-04-09,13:37:32,-07:00,2026-04-09T13:37:32-07:00,0,0
style.css,579,css,6d1bfb29,Thomas Deitel,2026-04-09,13:37:32,-07:00,2026-04-09T13:37:32-07:00,0,0
style.css,580,css,6d1bfb29,Thomas Deitel,2026-04-09,13:37:32,-07:00,2026-04-09T13:37:32-07:00,0,14
style.css,581,css,6d1bfb29,Thomas Deitel,2026-04-09,13:37:32,-07:00,2026-04-09T13:37:32-07:00,1,12
style.css,582,css,6d1bfb29,Thomas Deitel,2026-04-09,13:37:32,-07:00,2026-04-09T13:37:32-07:00,0,0
style.css,583,css,6d1bfb29,Thomas Deitel,2026-04-09,13:37:32,-07:00,2026-04-09T13:37:32-07:00,0,0
style.css,584,css,5b1c0da9,Thomas Deitel,2026-04-03,16:16:01,-07:00,2026-04-03T16:16:01-07:00,0,14
style.css,585,css,6d1bfb29,Thomas Deitel,2026-04-09,13:37:32,-07:00,2026-04-09T13:37:32-07:00,1,9
style.css,586,css,6d1bfb29,Thomas Deitel,2026-04-09,13:37:32,-07:00,2026-04-09T13:37:32-07:00,2,83
style.css,587,css,6d1bfb29,Thomas Deitel,2026-04-09,13:37:32,-07:00,2026-04-09T13:37:32-07:00,2,23
style.css,588,css,5b1c0da9,Thomas Deitel,2026-04-03,16:16:01,-07:00,2026-04-03T16:16:01-07:00,0,0
style.css,589,css,5b1c0da9,Thomas Deitel,2026-04-03,16:16:01,-07:00,2026-04-03T16:16:01-07:00,0,0
style.css,590,css,5b1c0da9,Thomas Deitel,2026-04-03,16:16:01,-07:00,2026-04-03T16:16:01-07:00,0,17
style.css,591,css,6d1bfb29,Thomas Deitel,2026-04-09,13:37:32,-07:00,2026-04-09T13:37:32-07:00,1,21
style.css,592,css,5b1c0da9,Thomas Deitel,2026-04-03,16:16:01,-07:00,2026-04-03T16:16:01-07:00,0,0
style.css,593,css,5b1c0da9,Thomas Deitel,2026-04-03,16:16:01,-07:00,2026-04-03T16:16:01-07:00,0,0
style.css,594,css,5b1c0da9,Thomas Deitel,2026-04-03,16:16:01,-07:00,2026-04-03T16:16:01-07:00,0,13
style.css,595,css,5b1c0da9,Thomas Deitel,2026-04-03,16:16:01,-07:00,2026-04-03T16:16:01-07:00,1,12
style.css,596,css,5b1c0da9,Thomas Deitel,2026-04-03,16:16:01,-07:00,2026-04-03T16:16:01-07:00,1,14
style.css,597,css,5b1c0da9,Thomas Deitel,2026-04-03,16:16:01,-07:00,2026-04-03T16:16:01-07:00,1,15
style.css,598,css,5b1c0da9,Thomas Deitel,2026-04-03,16:16:01,-07:00,2026-04-03T16:16:01-07:00,1,15
style.css,599,css,5b1c0da9,Thomas Deitel,2026-04-03,16:16:01,-07:00,2026-04-03T16:16:01-07:00,1,18
style.css,600,css,5b1c0da9,Thomas Deitel,2026-04-03,16:16:01,-07:00,2026-04-03T16:16:01-07:00,1,9
style.css,601,css,5b1c0da9,Thomas Deitel,2026-04-03,16:16:01,-07:00,2026-04-03T16:16:01-07:00,0,0
style.css,602,css,5b1c0da9,Thomas Deitel,2026-04-03,16:16:01,-07:00,2026-04-03T16:16:01-07:00,0,0
style.css,603,css,6d1bfb29,Thomas Deitel,2026-04-09,13:37:32,-07:00,2026-04-09T13:37:32-07:00,0,15
style.css,604,css,6d1bfb29,Thomas Deitel,2026-04-09,13:37:32,-07:00,2026-04-09T13:37:32-07:00,1,20
style.css,605,css,5b1c0da9,Thomas Deitel,2026-04-03,16:16:01,-07:00,2026-04-03T16:16:01-07:00,0,0
style.css,606,css,5b1c0da9,Thomas Deitel,2026-04-03,16:16:01,-07:00,2026-04-03T16:16:01-07:00,0,0
style.css,607,css,6d1bfb29,Thomas Deitel,2026-04-09,13:37:32,-07:00,2026-04-09T13:37:32-07:00,0,32
style.css,608,css,6d1bfb29,Thomas Deitel,2026-04-09,13:37:32,-07:00,2026-04-09T13:37:32-07:00,1,17
style.css,609,css,6d1bfb29,Thomas Deitel,2026-04-09,13:37:32,-07:00,2026-04-09T13:37:32-07:00,0,0
style.css,610,css,6d1bfb29,Thomas Deitel,2026-04-09,13:37:32,-07:00,2026-04-09T13:37:32-07:00,0,0
style.css,611,css,2bad54e6,Thomas Deitel,2026-04-17,14:41:47,-07:00,2026-04-17T14:41:47-07:00,0,16
style.css,612,css,2bad54e6,Thomas Deitel,2026-04-17,14:41:47,-07:00,2026-04-17T14:41:47-07:00,1,15
style.css,613,css,2bad54e6,Thomas Deitel,2026-04-17,14:41:47,-07:00,2026-04-17T14:41:47-07:00,0,0
style.css,614,css,2bad54e6,Thomas Deitel,2026-04-17,14:41:47,-07:00,2026-04-17T14:41:47-07:00,0,0
style.css,615,css,2bad54e6,Thomas Deitel,2026-04-17,14:41:47,-07:00,2026-04-17T14:41:47-07:00,0,15
style.css,616,css,2bad54e6,Thomas Deitel,2026-04-17,14:41:47,-07:00,2026-04-17T14:41:47-07:00,1,18
style.css,617,css,2bad54e6,Thomas Deitel,2026-04-17,14:41:47,-07:00,2026-04-17T14:41:47-07:00,0,0
style.css,618,css,2bad54e6,Thomas Deitel,2026-04-17,14:41:47,-07:00,2026-04-17T14:41:47-07:00,0,0
style.css,619,css,2bad54e6,Thomas Deitel,2026-04-17,14:41:47,-07:00,2026-04-17T14:41:47-07:00,0,19
style.css,620,css,2bad54e6,Thomas Deitel,2026-04-17,14:41:47,-07:00,2026-04-17T14:41:47-07:00,1,36
style.css,621,css,2bad54e6,Thomas Deitel,2026-04-17,14:41:47,-07:00,2026-04-17T14:41:47-07:00,1,18
style.css,622,css,2bad54e6,Thomas Deitel,2026-04-17,14:41:47,-07:00,2026-04-17T14:41:47-07:00,1,49
style.css,623,css,2bad54e6,Thomas Deitel,2026-04-17,14:41:47,-07:00,2026-04-17T14:41:47-07:00,0,0
style.css,624,css,2bad54e6,Thomas Deitel,2026-04-17,14:41:47,-07:00,2026-04-17T14:41:47-07:00,0,0
style.css,625,css,2bad54e6,Thomas Deitel,2026-04-17,14:41:47,-07:00,2026-04-17T14:41:47-07:00,0,26
style.css,626,css,2bad54e6,Thomas Deitel,2026-04-17,14:41:47,-07:00,2026-04-17T14:41:47-07:00,1,24
style.css,627,css,2bad54e6,Thomas Deitel,2026-04-17,14:41:47,-07:00,2026-04-17T14:41:47-07:00,1,17
style.css,628,css,2bad54e6,Thomas Deitel,2026-04-17,14:41:47,-07:00,2026-04-17T14:41:47-07:00,1,18
style.css,629,css,2bad54e6,Thomas Deitel,2026-04-17,14:41:47,-07:00,2026-04-17T14:41:47-07:00,0,0
style.css,630,css,2bad54e6,Thomas Deitel,2026-04-17,14:41:47,-07:00,2026-04-17T14:41:47-07:00,0,0
style.css,631,css,6d1bfb29,Thomas Deitel,2026-04-09,13:37:32,-07:00,2026-04-09T13:37:32-07:00,0,30
style.css,632,css,6d1bfb29,Thomas Deitel,2026-04-09,13:37:32,-07:00,2026-04-09T13:37:32-07:00,1,15
style.css,633,css,6d1bfb29,Thomas Deitel,2026-04-09,13:37:32,-07:00,2026-04-09T13:37:32-07:00,0,0
style.css,634,css,6d1bfb29,Thomas Deitel,2026-04-09,13:37:32,-07:00,2026-04-09T13:37:32-07:00,0,0
style.css,635,css,6d1bfb29,Thomas Deitel,2026-04-09,13:37:32,-07:00,2026-04-09T13:37:32-07:00,0,40
style.css,636,css,6d1bfb29,Thomas Deitel,2026-04-09,13:37:32,-07:00,2026-04-09T13:37:32-07:00,1,40
style.css,637,css,6d1bfb29,Thomas Deitel,2026-04-09,13:37:32,-07:00,2026-04-09T13:37:32-07:00,1,16
style.css,638,css,6d1bfb29,Thomas Deitel,2026-04-09,13:37:32,-07:00,2026-04-09T13:37:32-07:00,0,0
style.css,639,css,6d1bfb29,Thomas Deitel,2026-04-09,13:37:32,-07:00,2026-04-09T13:37:32-07:00,0,0
style.css,640,css,6d1bfb29,Thomas Deitel,2026-04-09,13:37:32,-07:00,2026-04-09T13:37:32-07:00,0,17
style.css,641,css,6d1bfb29,Thomas Deitel,2026-04-09,13:37:32,-07:00,2026-04-09T13:37:32-07:00,1,27
style.css,642,css,6d1bfb29,Thomas Deitel,2026-04-09,13:37:32,-07:00,2026-04-09T13:37:32-07:00,0,0
style.css,643,css,6d1bfb29,Thomas Deitel,2026-04-09,13:37:32,-07:00,2026-04-09T13:37:32-07:00,0,0
style.css,644,css,6d1bfb29,Thomas Deitel,2026-04-09,13:37:32,-07:00,2026-04-09T13:37:32-07:00,0,22
style.css,645,css,6d1bfb29,Thomas Deitel,2026-04-09,13:37:32,-07:00,2026-04-09T13:37:32-07:00,1,18
style.css,646,css,6d1bfb29,Thomas Deitel,2026-04-09,13:37:32,-07:00,2026-04-09T13:37:32-07:00,0,0
style.css,647,css,6d1bfb29,Thomas Deitel,2026-04-09,13:37:32,-07:00,2026-04-09T13:37:32-07:00,0,0
style.css,648,css,e98842ee,Thomas Deitel,2026-05-01,18:45:44,-07:00,2026-05-01T18:45:44-07:00,0,26
style.css,649,css,e98842ee,Thomas Deitel,2026-05-01,18:45:44,-07:00,2026-05-01T18:45:44-07:00,0,35
style.css,650,css,e98842ee,Thomas Deitel,2026-05-01,18:45:44,-07:00,2026-05-01T18:45:44-07:00,1,12
style.css,651,css,e98842ee,Thomas Deitel,2026-05-01,18:45:44,-07:00,2026-05-01T18:45:44-07:00,0,0
style.css,652,css,e98842ee,Thomas Deitel,2026-05-01,18:45:44,-07:00,2026-05-01T18:45:44-07:00,0,0
style.css,653,css,e98842ee,Thomas Deitel,2026-05-01,18:45:44,-07:00,2026-05-01T18:45:44-07:00,0,22
style.css,654,css,e98842ee,Thomas Deitel,2026-05-01,18:45:44,-07:00,2026-05-01T18:45:44-07:00,1,12
style.css,655,css,e98842ee,Thomas Deitel,2026-05-01,18:45:44,-07:00,2026-05-01T18:45:44-07:00,0,0
style.css,656,css,e98842ee,Thomas Deitel,2026-05-01,18:45:44,-07:00,2026-05-01T18:45:44-07:00,0,0
style.css,657,css,6d1bfb29,Thomas Deitel,2026-04-09,13:37:32,-07:00,2026-04-09T13:37:32-07:00,0,13
style.css,658,css,6d1bfb29,Thomas Deitel,2026-04-09,13:37:32,-07:00,2026-04-09T13:37:32-07:00,1,12
style.css,659,css,6d1bfb29,Thomas Deitel,2026-04-09,13:37:32,-07:00,2026-04-09T13:37:32-07:00,1,16
style.css,660,css,6d1bfb29,Thomas Deitel,2026-04-09,13:37:32,-07:00,2026-04-09T13:37:32-07:00,1,21
style.css,661,css,5b1c0da9,Thomas Deitel,2026-04-03,16:16:01,-07:00,2026-04-03T16:16:01-07:00,0,0
style.css,662,css,5b1c0da9,Thomas Deitel,2026-04-03,16:16:01,-07:00,2026-04-03T16:16:01-07:00,0,0
style.css,663,css,5b1c0da9,Thomas Deitel,2026-04-03,16:16:01,-07:00,2026-04-03T16:16:01-07:00,0,11
style.css,664,css,2bad54e6,Thomas Deitel,2026-04-17,14:41:47,-07:00,2026-04-17T14:41:47-07:00,1,24
style.css,665,css,5b1c0da9,Thomas Deitel,2026-04-03,16:16:01,-07:00,2026-04-03T16:16:01-07:00,1,8
style.css,666,css,5b1c0da9,Thomas Deitel,2026-04-03,16:16:01,-07:00,2026-04-03T16:16:01-07:00,0,0
style.css,667,css,6d1bfb29,Thomas Deitel,2026-04-09,13:37:32,-07:00,2026-04-09T13:37:32-07:00,0,0
style.css,668,css,6d1bfb29,Thomas Deitel,2026-04-09,13:37:32,-07:00,2026-04-09T13:37:32-07:00,0,25
style.css,669,css,6d1bfb29,Thomas Deitel,2026-04-09,13:37:32,-07:00,2026-04-09T13:37:32-07:00,1,13
style.css,670,css,6d1bfb29,Thomas Deitel,2026-04-09,13:37:32,-07:00,2026-04-09T13:37:32-07:00,2,30
style.css,671,css,6d1bfb29,Thomas Deitel,2026-04-09,13:37:32,-07:00,2026-04-09T13:37:32-07:00,1,0
style.css,672,css,6d1bfb29,Thomas Deitel,2026-04-09,13:37:32,-07:00,2026-04-09T13:37:32-07:00,0,0
style.css,673,css,6d1bfb29,Thomas Deitel,2026-04-09,13:37:32,-07:00,2026-04-09T13:37:32-07:00,1,28
style.css,674,css,6d1bfb29,Thomas Deitel,2026-04-09,13:37:32,-07:00,2026-04-09T13:37:32-07:00,2,13
style.css,675,css,6d1bfb29,Thomas Deitel,2026-04-09,13:37:32,-07:00,2026-04-09T13:37:32-07:00,1,0
style.css,676,css,6d1bfb29,Thomas Deitel,2026-04-09,13:37:32,-07:00,2026-04-09T13:37:32-07:00,0,0
style.css,677,css,6d1bfb29,Thomas Deitel,2026-04-09,13:37:32,-07:00,2026-04-09T13:37:32-07:00,1,27
style.css,678,css,6d1bfb29,Thomas Deitel,2026-04-09,13:37:32,-07:00,2026-04-09T13:37:32-07:00,2,16
style.css,679,css,6d1bfb29,Thomas Deitel,2026-04-09,13:37:32,-07:00,2026-04-09T13:37:32-07:00,1,0
style.css,680,css,6d1bfb29,Thomas Deitel,2026-04-09,13:37:32,-07:00,2026-04-09T13:37:32-07:00,0,0
style.css,681,css,6d1bfb29,Thomas Deitel,2026-04-09,13:37:32,-07:00,2026-04-09T13:37:32-07:00,0,0
style.css,682,css,6d1bfb29,Thomas Deitel,2026-04-09,13:37:32,-07:00,2026-04-09T13:37:32-07:00,0,25
style.css,683,css,6d1bfb29,Thomas Deitel,2026-04-09,13:37:32,-07:00,2026-04-09T13:37:32-07:00,1,4
style.css,684,css,2bad54e6,Thomas Deitel,2026-04-17,14:41:47,-07:00,2026-04-17T14:41:47-07:00,2,22
style.css,685,css,6d1bfb29,Thomas Deitel,2026-04-09,13:37:32,-07:00,2026-04-09T13:37:32-07:00,1,0
style.css,686,css,6d1bfb29,Thomas Deitel,2026-04-09,13:37:32,-07:00,2026-04-09T13:37:32-07:00,0,0
style.css,687,css,6d1bfb29,Thomas Deitel,2026-04-09,13:37:32,-07:00,2026-04-09T13:37:32-07:00,1,2
style.css,688,css,6d1bfb29,Thomas Deitel,2026-04-09,13:37:32,-07:00,2026-04-09T13:37:32-07:00,2,14
style.css,689,css,6d1bfb29,Thomas Deitel,2026-04-09,13:37:32,-07:00,2026-04-09T13:37:32-07:00,1,0
style.css,690,css,6d1bfb29,Thomas Deitel,2026-04-09,13:37:32,-07:00,2026-04-09T13:37:32-07:00,0,0
style.css,691,css,2bad54e6,Thomas Deitel,2026-04-17,14:41:47,-07:00,2026-04-17T14:41:47-07:00,1,13
style.css,692,css,2bad54e6,Thomas Deitel,2026-04-17,14:41:47,-07:00,2026-04-17T14:41:47-07:00,2,16
style.css,693,css,2bad54e6,Thomas Deitel,2026-04-17,14:41:47,-07:00,2026-04-17T14:41:47-07:00,2,10
style.css,694,css,2bad54e6,Thomas Deitel,2026-04-17,14:41:47,-07:00,2026-04-17T14:41:47-07:00,2,11
style.css,695,css,2bad54e6,Thomas Deitel,2026-04-17,14:41:47,-07:00,2026-04-17T14:41:47-07:00,1,0
style.css,696,css,2bad54e6,Thomas Deitel,2026-04-17,14:41:47,-07:00,2026-04-17T14:41:47-07:00,0,0
style.css,697,css,6d1bfb29,Thomas Deitel,2026-04-09,13:37:32,-07:00,2026-04-09T13:37:32-07:00,1,5
style.css,698,css,6d1bfb29,Thomas Deitel,2026-04-09,13:37:32,-07:00,2026-04-09T13:37:32-07:00,2,15
style.css,699,css,6d1bfb29,Thomas Deitel,2026-04-09,13:37:32,-07:00,2026-04-09T13:37:32-07:00,1,0
style.css,700,css,6d1bfb29,Thomas Deitel,2026-04-09,13:37:32,-07:00,2026-04-09T13:37:32-07:00,0,0
style.css,701,css,f66ca596,Thomas Deitel,2026-04-24,17:58:52,-07:00,2026-04-24T17:58:52-07:00,1,10
style.css,702,css,f66ca596,Thomas Deitel,2026-04-24,17:58:52,-07:00,2026-04-24T17:58:52-07:00,2,25
style.css,703,css,f66ca596,Thomas Deitel,2026-04-24,17:58:52,-07:00,2026-04-24T17:58:52-07:00,1,0
style.css,704,css,f66ca596,Thomas Deitel,2026-04-24,17:58:52,-07:00,2026-04-24T17:58:52-07:00,0,0
style.css,705,css,f66ca596,Thomas Deitel,2026-04-24,17:58:52,-07:00,2026-04-24T17:58:52-07:00,1,14
style.css,706,css,f66ca596,Thomas Deitel,2026-04-24,17:58:52,-07:00,2026-04-24T17:58:52-07:00,2,18
style.css,707,css,f66ca596,Thomas Deitel,2026-04-24,17:58:52,-07:00,2026-04-24T17:58:52-07:00,2,22
style.css,708,css,f66ca596,Thomas Deitel,2026-04-24,17:58:52,-07:00,2026-04-24T17:58:52-07:00,1,0
style.css,709,css,f66ca596,Thomas Deitel,2026-04-24,17:58:52,-07:00,2026-04-24T17:58:52-07:00,0,0
style.css,710,css,6d1bfb29,Thomas Deitel,2026-04-09,13:37:32,-07:00,2026-04-09T13:37:32-07:00,1,4
style.css,711,css,6d1bfb29,Thomas Deitel,2026-04-09,13:37:32,-07:00,2026-04-09T13:37:32-07:00,2,25
style.css,712,css,6d1bfb29,Thomas Deitel,2026-04-09,13:37:32,-07:00,2026-04-09T13:37:32-07:00,1,0
style.css,713,css,6d1bfb29,Thomas Deitel,2026-04-09,13:37:32,-07:00,2026-04-09T13:37:32-07:00,0,0
style.css,714,css,6d1bfb29,Thomas Deitel,2026-04-09,13:37:32,-07:00,2026-04-09T13:37:32-07:00,1,5
style.css,715,css,6d1bfb29,Thomas Deitel,2026-04-09,13:37:32,-07:00,2026-04-09T13:37:32-07:00,2,25
style.css,716,css,6d1bfb29,Thomas Deitel,2026-04-09,13:37:32,-07:00,2026-04-09T13:37:32-07:00,1,0
style.css,717,css,6d1bfb29,Thomas Deitel,2026-04-09,13:37:32,-07:00,2026-04-09T13:37:32-07:00,0,0
style.css,718,css,6d1bfb29,Thomas Deitel,2026-04-09,13:37:32,-07:00,2026-04-09T13:37:32-07:00,1,6
style.css,719,css,6d1bfb29,Thomas Deitel,2026-04-09,13:37:32,-07:00,2026-04-09T13:37:32-07:00,2,20
style.css,720,css,6d1bfb29,Thomas Deitel,2026-04-09,13:37:32,-07:00,2026-04-09T13:37:32-07:00,1,0
style.css,721,css,f66ca596,Thomas Deitel,2026-04-24,17:58:52,-07:00,2026-04-24T17:58:52-07:00,0,0
style.css,722,css,f66ca596,Thomas Deitel,2026-04-24,17:58:52,-07:00,2026-04-24T17:58:52-07:00,1,17
style.css,723,css,f66ca596,Thomas Deitel,2026-04-24,17:58:52,-07:00,2026-04-24T17:58:52-07:00,2,47
style.css,724,css,f66ca596,Thomas Deitel,2026-04-24,17:58:52,-07:00,2026-04-24T17:58:52-07:00,1,0
style.css,725,css,e98842ee,Thomas Deitel,2026-05-01,18:45:44,-07:00,2026-05-01T18:45:44-07:00,0,0
style.css,726,css,e98842ee,Thomas Deitel,2026-05-01,18:45:44,-07:00,2026-05-01T18:45:44-07:00,1,15
style.css,727,css,e98842ee,Thomas Deitel,2026-05-01,18:45:44,-07:00,2026-05-01T18:45:44-07:00,2,19
style.css,728,css,e98842ee,Thomas Deitel,2026-05-01,18:45:44,-07:00,2026-05-01T18:45:44-07:00,2,21
style.css,729,css,e98842ee,Thomas Deitel,2026-05-01,18:45:44,-07:00,2026-05-01T18:45:44-07:00,1,0
style.css,730,css,e98842ee,Thomas Deitel,2026-05-01,18:45:44,-07:00,2026-05-01T18:45:44-07:00,0,0
style.css,731,css,e98842ee,Thomas Deitel,2026-05-01,18:45:44,-07:00,2026-05-01T18:45:44-07:00,1,18
style.css,732,css,e98842ee,Thomas Deitel,2026-05-01,18:45:44,-07:00,2026-05-01T18:45:44-07:00,2,15
style.css,733,css,e98842ee,Thomas Deitel,2026-05-01,18:45:44,-07:00,2026-05-01T18:45:44-07:00,2,22
style.css,734,css,e98842ee,Thomas Deitel,2026-05-01,18:45:44,-07:00,2026-05-01T18:45:44-07:00,1,0
style.css,735,css,f66ca596,Thomas Deitel,2026-04-24,17:58:52,-07:00,2026-04-24T17:58:52-07:00,0,0
style.css,736,css,f66ca596,Thomas Deitel,2026-04-24,17:58:52,-07:00,2026-04-24T17:58:52-07:00,0,0
style.css,737,css,f66ca596,Thomas Deitel,2026-04-24,17:58:52,-07:00,2026-04-24T17:58:52-07:00,0,25
style.css,738,css,f66ca596,Thomas Deitel,2026-04-24,17:58:52,-07:00,2026-04-24T17:58:52-07:00,1,17
style.css,739,css,f66ca596,Thomas Deitel,2026-04-24,17:58:52,-07:00,2026-04-24T17:58:52-07:00,2,25
style.css,740,css,f66ca596,Thomas Deitel,2026-04-24,17:58:52,-07:00,2026-04-24T17:58:52-07:00,1,0
style.css,741,css,6d1bfb29,Thomas Deitel,2026-04-09,13:37:32,-07:00,2026-04-09T13:37:32-07:00,0,0
index.js,1,js,f66ca596,Thomas Deitel,2026-04-24,17:58:52,-07:00,2026-04-24T17:58:52-07:00,0,71
index.js,2,js,f66ca596,Thomas Deitel,2026-04-24,17:58:52,-07:00,2026-04-24T17:58:52-07:00,0,0
index.js,3,js,f66ca596,Thomas Deitel,2026-04-24,17:58:52,-07:00,2026-04-24T17:58:52-07:00,0,62
index.js,4,js,f66ca596,Thomas Deitel,2026-04-24,17:58:52,-07:00,2026-04-24T17:58:52-07:00,0,42
index.js,5,js,f66ca596,Thomas Deitel,2026-04-24,17:58:52,-07:00,2026-04-24T17:58:52-07:00,0,60
index.js,6,js,f66ca596,Thomas Deitel,2026-04-24,17:58:52,-07:00,2026-04-24T17:58:52-07:00,0,0
index.js,7,js,f66ca596,Thomas Deitel,2026-04-24,17:58:52,-07:00,2026-04-24T17:58:52-07:00,0,22
index.js,8,js,f66ca596,Thomas Deitel,2026-04-24,17:58:52,-07:00,2026-04-24T17:58:52-07:00,1,54
index.js,9,js,f66ca596,Thomas Deitel,2026-04-24,17:58:52,-07:00,2026-04-24T17:58:52-07:00,0,0
index.js,10,js,f66ca596,Thomas Deitel,2026-04-24,17:58:52,-07:00,2026-04-24T17:58:52-07:00,0,0
index.js,11,js,f66ca596,Thomas Deitel,2026-04-24,17:58:52,-07:00,2026-04-24T17:58:52-07:00,0,55
index.js,12,js,f66ca596,Thomas Deitel,2026-04-24,17:58:52,-07:00,2026-04-24T17:58:52-07:00,0,60
index.js,13,js,f66ca596,Thomas Deitel,2026-04-24,17:58:52,-07:00,2026-04-24T17:58:52-07:00,0,0
index.js,14,js,f66ca596,Thomas Deitel,2026-04-24,17:58:52,-07:00,2026-04-24T17:58:52-07:00,0,17
index.js,15,js,f66ca596,Thomas Deitel,2026-04-24,17:58:52,-07:00,2026-04-24T17:58:52-07:00,1,16
index.js,16,js,f66ca596,Thomas Deitel,2026-04-24,17:58:52,-07:00,2026-04-24T17:58:52-07:00,2,92
index.js,17,js,f66ca596,Thomas Deitel,2026-04-24,17:58:52,-07:00,2026-04-24T17:58:52-07:00,1,6
index.js,18,js,f66ca596,Thomas Deitel,2026-04-24,17:58:52,-07:00,2026-04-24T17:58:52-07:00,2,24
index.js,19,js,f66ca596,Thomas Deitel,2026-04-24,17:58:52,-07:00,2026-04-24T17:58:52-07:00,3,2
index.js,20,js,f66ca596,Thomas Deitel,2026-04-24,17:58:52,-07:00,2026-04-24T17:58:52-07:00,4,3
index.js,21,js,f66ca596,Thomas Deitel,2026-04-24,17:58:52,-07:00,2026-04-24T17:58:52-07:00,5,19
index.js,22,js,f66ca596,Thomas Deitel,2026-04-24,17:58:52,-07:00,2026-04-24T17:58:52-07:00,5,33
index.js,23,js,f66ca596,Thomas Deitel,2026-04-24,17:58:52,-07:00,2026-04-24T17:58:52-07:00,4,4
index.js,24,js,f66ca596,Thomas Deitel,2026-04-24,17:58:52,-07:00,2026-04-24T17:58:52-07:00,4,3
index.js,25,js,f66ca596,Thomas Deitel,2026-04-24,17:58:52,-07:00,2026-04-24T17:58:52-07:00,5,19
index.js,26,js,f66ca596,Thomas Deitel,2026-04-24,17:58:52,-07:00,2026-04-24T17:58:52-07:00,5,33
index.js,27,js,f66ca596,Thomas Deitel,2026-04-24,17:58:52,-07:00,2026-04-24T17:58:52-07:00,4,4
index.js,28,js,f66ca596,Thomas Deitel,2026-04-24,17:58:52,-07:00,2026-04-24T17:58:52-07:00,4,3
index.js,29,js,f66ca596,Thomas Deitel,2026-04-24,17:58:52,-07:00,2026-04-24T17:58:52-07:00,5,16
index.js,30,js,f66ca596,Thomas Deitel,2026-04-24,17:58:52,-07:00,2026-04-24T17:58:52-07:00,5,30
index.js,31,js,f66ca596,Thomas Deitel,2026-04-24,17:58:52,-07:00,2026-04-24T17:58:52-07:00,4,4
index.js,32,js,f66ca596,Thomas Deitel,2026-04-24,17:58:52,-07:00,2026-04-24T17:58:52-07:00,4,3
index.js,33,js,f66ca596,Thomas Deitel,2026-04-24,17:58:52,-07:00,2026-04-24T17:58:52-07:00,5,16
index.js,34,js,f66ca596,Thomas Deitel,2026-04-24,17:58:52,-07:00,2026-04-24T17:58:52-07:00,5,30
index.js,35,js,f66ca596,Thomas Deitel,2026-04-24,17:58:52,-07:00,2026-04-24T17:58:52-07:00,4,4
index.js,36,js,f66ca596,Thomas Deitel,2026-04-24,17:58:52,-07:00,2026-04-24T17:58:52-07:00,3,3
index.js,37,js,f66ca596,Thomas Deitel,2026-04-24,17:58:52,-07:00,2026-04-24T17:58:52-07:00,2,0
index.js,38,js,f66ca596,Thomas Deitel,2026-04-24,17:58:52,-07:00,2026-04-24T17:58:52-07:00,1,0
index.js,39,js,f66ca596,Thomas Deitel,2026-04-24,17:58:52,-07:00,2026-04-24T17:58:52-07:00,0,0
index.html,1,html,1c07315,Thomas Deitel,2026-04-03,13:35:05,-07:00,2026-04-03T13:35:05-07:00,0,13
index.html,2,html,1c07315,Thomas Deitel,2026-04-03,13:35:05,-07:00,2026-04-03T13:35:05-07:00,0,14
index.html,3,html,1c07315,Thomas Deitel,2026-04-03,13:35:05,-07:00,2026-04-03T13:35:05-07:00,0,4
index.html,4,html,1c07315,Thomas Deitel,2026-04-03,13:35:05,-07:00,2026-04-03T13:35:05-07:00,1,20
index.html,5,html,1c07315,Thomas Deitel,2026-04-03,13:35:05,-07:00,2026-04-03T13:35:05-07:00,1,68
index.html,6,html,1c07315,Thomas Deitel,2026-04-03,13:35:05,-07:00,2026-04-03T13:35:05-07:00,1,55
index.html,7,html,51089c59,Thomas Deitel,2026-04-03,16:07:20,-07:00,2026-04-03T16:07:20-07:00,1,38
index.html,8,html,f66ca596,Thomas Deitel,2026-04-24,17:58:52,-07:00,2026-04-24T17:58:52-07:00,1,50
index.html,9,html,1c07315,Thomas Deitel,2026-04-03,13:35:05,-07:00,2026-04-03T13:35:05-07:00,0,5
index.html,10,html,1c07315,Thomas Deitel,2026-04-03,13:35:05,-07:00,2026-04-03T13:35:05-07:00,0,4
index.html,11,html,f66ca596,Thomas Deitel,2026-04-24,17:58:52,-07:00,2026-04-24T17:58:52-07:00,1,24
index.html,12,html,f66ca596,Thomas Deitel,2026-04-24,17:58:52,-07:00,2026-04-24T17:58:52-07:00,2,25
index.html,13,html,f66ca596,Thomas Deitel,2026-04-24,17:58:52,-07:00,2026-04-24T17:58:52-07:00,3,21
index.html,14,html,f66ca596,Thomas Deitel,2026-04-24,17:58:52,-07:00,2026-04-24T17:58:52-07:00,4,51
index.html,15,html,f66ca596,Thomas Deitel,2026-04-24,17:58:52,-07:00,2026-04-24T17:58:52-07:00,4,20
index.html,16,html,f66ca596,Thomas Deitel,2026-04-24,17:58:52,-07:00,2026-04-24T17:58:52-07:00,4,206
index.html,17,html,f66ca596,Thomas Deitel,2026-04-24,17:58:52,-07:00,2026-04-24T17:58:52-07:00,3,4
index.html,18,html,f66ca596,Thomas Deitel,2026-04-24,17:58:52,-07:00,2026-04-24T17:58:52-07:00,3,116
index.html,19,html,f66ca596,Thomas Deitel,2026-04-24,17:58:52,-07:00,2026-04-24T17:58:52-07:00,2,8
index.html,20,html,f66ca596,Thomas Deitel,2026-04-24,17:58:52,-07:00,2026-04-24T17:58:52-07:00,0,0
index.html,21,html,f66ca596,Thomas Deitel,2026-04-24,17:58:52,-07:00,2026-04-24T17:58:52-07:00,2,49
index.html,22,html,f66ca596,Thomas Deitel,2026-04-24,17:58:52,-07:00,2026-04-24T17:58:52-07:00,3,51
index.html,23,html,f66ca596,Thomas Deitel,2026-04-24,17:58:52,-07:00,2026-04-24T17:58:52-07:00,3,26
index.html,24,html,f66ca596,Thomas Deitel,2026-04-24,17:58:52,-07:00,2026-04-24T17:58:52-07:00,2,8
index.html,25,html,f66ca596,Thomas Deitel,2026-04-24,17:58:52,-07:00,2026-04-24T17:58:52-07:00,0,0
index.html,26,html,f66ca596,Thomas Deitel,2026-04-24,17:58:52,-07:00,2026-04-24T17:58:52-07:00,2,40
index.html,27,html,f66ca596,Thomas Deitel,2026-04-24,17:58:52,-07:00,2026-04-24T17:58:52-07:00,3,50
index.html,28,html,f66ca596,Thomas Deitel,2026-04-24,17:58:52,-07:00,2026-04-24T17:58:52-07:00,3,28
index.html,29,html,f66ca596,Thomas Deitel,2026-04-24,17:58:52,-07:00,2026-04-24T17:58:52-07:00,2,8
index.html,30,html,f66ca596,Thomas Deitel,2026-04-24,17:58:52,-07:00,2026-04-24T17:58:52-07:00,1,5
index.html,31,html,1c07315,Thomas Deitel,2026-04-03,13:35:05,-07:00,2026-04-03T13:35:05-07:00,0,5
index.html,32,html,1c07315,Thomas Deitel,2026-04-03,13:35:05,-07:00,2026-04-03T13:35:05-07:00,0,5
global.js,1,js,2bad54e6,Thomas Deitel,2026-04-17,14:41:47,-07:00,2026-04-17T14:41:47-07:00,0,25
global.js,2,js,2bad54e6,Thomas Deitel,2026-04-17,14:41:47,-07:00,2026-04-17T14:41:47-07:00,0,0
global.js,3,js,2bad54e6,Thomas Deitel,2026-04-17,14:41:47,-07:00,2026-04-17T14:41:47-07:00,0,41
global.js,4,js,2bad54e6,Thomas Deitel,2026-04-17,14:41:47,-07:00,2026-04-17T14:41:47-07:00,1,52
global.js,5,js,2bad54e6,Thomas Deitel,2026-04-17,14:41:47,-07:00,2026-04-17T14:41:47-07:00,0,0
global.js,6,js,2bad54e6,Thomas Deitel,2026-04-17,14:41:47,-07:00,2026-04-17T14:41:47-07:00,0,0
global.js,7,js,2bad54e6,Thomas Deitel,2026-04-17,14:41:47,-07:00,2026-04-17T14:41:47-07:00,0,13
global.js,8,js,2bad54e6,Thomas Deitel,2026-04-17,14:41:47,-07:00,2026-04-17T14:41:47-07:00,0,0
global.js,9,js,2bad54e6,Thomas Deitel,2026-04-17,14:41:47,-07:00,2026-04-17T14:41:47-07:00,0,13
global.js,10,js,2bad54e6,Thomas Deitel,2026-04-17,14:41:47,-07:00,2026-04-17T14:41:47-07:00,1,25
global.js,11,js,2bad54e6,Thomas Deitel,2026-04-17,14:41:47,-07:00,2026-04-17T14:41:47-07:00,1,38
global.js,12,js,e621152c,Thomas Deitel,2026-05-08,13:23:04,-07:00,2026-05-08T13:23:04-07:00,1,30
global.js,13,js,2bad54e6,Thomas Deitel,2026-04-17,14:41:47,-07:00,2026-04-17T14:41:47-07:00,1,36
global.js,14,js,2bad54e6,Thomas Deitel,2026-04-17,14:41:47,-07:00,2026-04-17T14:41:47-07:00,1,34
global.js,15,js,2bad54e6,Thomas Deitel,2026-04-17,14:41:47,-07:00,2026-04-17T14:41:47-07:00,1,58
global.js,16,js,2bad54e6,Thomas Deitel,2026-04-17,14:41:47,-07:00,2026-04-17T14:41:47-07:00,0,0
global.js,17,js,2bad54e6,Thomas Deitel,2026-04-17,14:41:47,-07:00,2026-04-17T14:41:47-07:00,0,0
global.js,18,js,2bad54e6,Thomas Deitel,2026-04-17,14:41:47,-07:00,2026-04-17T14:41:47-07:00,0,45
global.js,19,js,2bad54e6,Thomas Deitel,2026-04-17,14:41:47,-07:00,2026-04-17T14:41:47-07:00,0,53
global.js,20,js,2bad54e6,Thomas Deitel,2026-04-17,14:41:47,-07:00,2026-04-17T14:41:47-07:00,0,56
global.js,21,js,2bad54e6,Thomas Deitel,2026-04-17,14:41:47,-07:00,2026-04-17T14:41:47-07:00,0,61
global.js,22,js,f66ca596,Thomas Deitel,2026-04-24,17:58:52,-07:00,2026-04-24T17:58:52-07:00,0,40
global.js,23,js,f66ca596,Thomas Deitel,2026-04-24,17:58:52,-07:00,2026-04-24T17:58:52-07:00,0,78
global.js,24,js,2bad54e6,Thomas Deitel,2026-04-17,14:41:47,-07:00,2026-04-17T14:41:47-07:00,0,0
global.js,25,js,2bad54e6,Thomas Deitel,2026-04-17,14:41:47,-07:00,2026-04-17T14:41:47-07:00,0,36
global.js,26,js,2bad54e6,Thomas Deitel,2026-04-17,14:41:47,-07:00,2026-04-17T14:41:47-07:00,1,34
global.js,27,js,2bad54e6,Thomas Deitel,2026-04-17,14:41:47,-07:00,2026-04-17T14:41:47-07:00,2,9
global.js,28,js,2bad54e6,Thomas Deitel,2026-04-17,14:41:47,-07:00,2026-04-17T14:41:47-07:00,1,0
global.js,29,js,2bad54e6,Thomas Deitel,2026-04-17,14:41:47,-07:00,2026-04-17T14:41:47-07:00,0,0
global.js,30,js,2bad54e6,Thomas Deitel,2026-04-17,14:41:47,-07:00,2026-04-17T14:41:47-07:00,1,56
global.js,31,js,2bad54e6,Thomas Deitel,2026-04-17,14:41:47,-07:00,2026-04-17T14:41:47-07:00,0,0
global.js,32,js,2bad54e6,Thomas Deitel,2026-04-17,14:41:47,-07:00,2026-04-17T14:41:47-07:00,0,0
global.js,33,js,2bad54e6,Thomas Deitel,2026-04-17,14:41:47,-07:00,2026-04-17T14:41:47-07:00,0,28
global.js,34,js,2bad54e6,Thomas Deitel,2026-04-17,14:41:47,-07:00,2026-04-17T14:41:47-07:00,1,48
global.js,35,js,2bad54e6,Thomas Deitel,2026-04-17,14:41:47,-07:00,2026-04-17T14:41:47-07:00,0,0
global.js,36,js,2bad54e6,Thomas Deitel,2026-04-17,14:41:47,-07:00,2026-04-17T14:41:47-07:00,1,6
global.js,37,js,2bad54e6,Thomas Deitel,2026-04-17,14:41:47,-07:00,2026-04-17T14:41:47-07:00,2,26
global.js,38,js,2bad54e6,Thomas Deitel,2026-04-17,14:41:47,-07:00,2026-04-17T14:41:47-07:00,2,59
global.js,39,js,2bad54e6,Thomas Deitel,2026-04-17,14:41:47,-07:00,2026-04-17T14:41:47-07:00,1,0
global.js,40,js,2bad54e6,Thomas Deitel,2026-04-17,14:41:47,-07:00,2026-04-17T14:41:47-07:00,0,0
global.js,41,js,2bad54e6,Thomas Deitel,2026-04-17,14:41:47,-07:00,2026-04-17T14:41:47-07:00,0,0
global.js,42,js,f66ca596,Thomas Deitel,2026-04-24,17:58:52,-07:00,2026-04-24T17:58:52-07:00,0,25
global.js,43,js,f66ca596,Thomas Deitel,2026-04-24,17:58:52,-07:00,2026-04-24T17:58:52-07:00,1,40
global.js,44,js,f66ca596,Thomas Deitel,2026-04-24,17:58:52,-07:00,2026-04-24T17:58:52-07:00,0,0
global.js,45,js,f66ca596,Thomas Deitel,2026-04-24,17:58:52,-07:00,2026-04-24T17:58:52-07:00,0,0
global.js,46,js,f66ca596,Thomas Deitel,2026-04-24,17:58:52,-07:00,2026-04-24T17:58:52-07:00,0,36
global.js,47,js,f66ca596,Thomas Deitel,2026-04-24,17:58:52,-07:00,2026-04-24T17:58:52-07:00,1,3
global.js,48,js,f66ca596,Thomas Deitel,2026-04-24,17:58:52,-07:00,2026-04-24T17:58:52-07:00,2,32
global.js,49,js,f66ca596,Thomas Deitel,2026-04-24,17:58:52,-07:00,2026-04-24T17:58:52-07:00,0,0
global.js,50,js,f66ca596,Thomas Deitel,2026-04-24,17:58:52,-07:00,2026-04-24T17:58:52-07:00,2,17
global.js,51,js,f66ca596,Thomas Deitel,2026-04-24,17:58:52,-07:00,2026-04-24T17:58:52-07:00,3,86
global.js,52,js,f66ca596,Thomas Deitel,2026-04-24,17:58:52,-07:00,2026-04-24T17:58:52-07:00,2,0
global.js,53,js,f66ca596,Thomas Deitel,2026-04-24,17:58:52,-07:00,2026-04-24T17:58:52-07:00,0,0
global.js,54,js,f66ca596,Thomas Deitel,2026-04-24,17:58:52,-07:00,2026-04-24T17:58:52-07:00,2,33
global.js,55,js,f66ca596,Thomas Deitel,2026-04-24,17:58:52,-07:00,2026-04-24T17:58:52-07:00,2,10
global.js,56,js,f66ca596,Thomas Deitel,2026-04-24,17:58:52,-07:00,2026-04-24T17:58:52-07:00,1,15
global.js,57,js,f66ca596,Thomas Deitel,2026-04-24,17:58:52,-07:00,2026-04-24T17:58:52-07:00,2,59
global.js,58,js,f66ca596,Thomas Deitel,2026-04-24,17:58:52,-07:00,2026-04-24T17:58:52-07:00,2,10
global.js,59,js,f66ca596,Thomas Deitel,2026-04-24,17:58:52,-07:00,2026-04-24T17:58:52-07:00,1,0
global.js,60,js,f66ca596,Thomas Deitel,2026-04-24,17:58:52,-07:00,2026-04-24T17:58:52-07:00,0,0
global.js,61,js,f66ca596,Thomas Deitel,2026-04-24,17:58:52,-07:00,2026-04-24T17:58:52-07:00,0,0
global.js,62,js,f66ca596,Thomas Deitel,2026-04-24,17:58:52,-07:00,2026-04-24T17:58:52-07:00,0,79
global.js,63,js,f66ca596,Thomas Deitel,2026-04-24,17:58:52,-07:00,2026-04-24T17:58:52-07:00,1,43
global.js,64,js,f66ca596,Thomas Deitel,2026-04-24,17:58:52,-07:00,2026-04-24T17:58:52-07:00,2,66
global.js,65,js,f66ca596,Thomas Deitel,2026-04-24,17:58:52,-07:00,2026-04-24T17:58:52-07:00,2,5
global.js,66,js,f66ca596,Thomas Deitel,2026-04-24,17:58:52,-07:00,2026-04-24T17:58:52-07:00,1,0
global.js,67,js,f66ca596,Thomas Deitel,2026-04-24,17:58:52,-07:00,2026-04-24T17:58:52-07:00,0,0
global.js,68,js,f66ca596,Thomas Deitel,2026-04-24,17:58:52,-07:00,2026-04-24T17:58:52-07:00,1,30
global.js,69,js,f66ca596,Thomas Deitel,2026-04-24,17:58:52,-07:00,2026-04-24T17:58:52-07:00,0,0
global.js,70,js,f66ca596,Thomas Deitel,2026-04-24,17:58:52,-07:00,2026-04-24T17:58:52-07:00,1,54
global.js,71,js,f66ca596,Thomas Deitel,2026-04-24,17:58:52,-07:00,2026-04-24T17:58:52-07:00,2,46
global.js,72,js,f66ca596,Thomas Deitel,2026-04-24,17:58:52,-07:00,2026-04-24T17:58:52-07:00,2,39
global.js,73,js,f66ca596,Thomas Deitel,2026-04-24,17:58:52,-07:00,2026-04-24T17:58:52-07:00,2,48
global.js,74,js,f66ca596,Thomas Deitel,2026-04-24,17:58:52,-07:00,2026-04-24T17:58:52-07:00,2,35
global.js,75,js,f66ca596,Thomas Deitel,2026-04-24,17:58:52,-07:00,2026-04-24T17:58:52-07:00,2,5
global.js,76,js,f66ca596,Thomas Deitel,2026-04-24,17:58:52,-07:00,2026-04-24T17:58:52-07:00,1,0
global.js,77,js,f66ca596,Thomas Deitel,2026-04-24,17:58:52,-07:00,2026-04-24T17:58:52-07:00,0,0
global.js,78,js,f66ca596,Thomas Deitel,2026-04-24,17:58:52,-07:00,2026-04-24T17:58:52-07:00,1,94
global.js,79,js,f66ca596,Thomas Deitel,2026-04-24,17:58:52,-07:00,2026-04-24T17:58:52-07:00,0,0
global.js,80,js,f66ca596,Thomas Deitel,2026-04-24,17:58:52,-07:00,2026-04-24T17:58:52-07:00,1,31
global.js,81,js,f66ca596,Thomas Deitel,2026-04-24,17:58:52,-07:00,2026-04-24T17:58:52-07:00,2,48
global.js,82,js,f66ca596,Thomas Deitel,2026-04-24,17:58:52,-07:00,2026-04-24T17:58:52-07:00,2,49
global.js,83,js,f66ca596,Thomas Deitel,2026-04-24,17:58:52,-07:00,2026-04-24T17:58:52-07:00,2,56
global.js,84,js,f66ca596,Thomas Deitel,2026-04-24,17:58:52,-07:00,2026-04-24T17:58:52-07:00,2,43
global.js,85,js,f66ca596,Thomas Deitel,2026-04-24,17:58:52,-07:00,2026-04-24T17:58:52-07:00,2,76
global.js,86,js,f66ca596,Thomas Deitel,2026-04-24,17:58:52,-07:00,2026-04-24T17:58:52-07:00,2,78
global.js,87,js,f66ca596,Thomas Deitel,2026-04-24,17:58:52,-07:00,2026-04-24T17:58:52-07:00,2,72
global.js,88,js,f66ca596,Thomas Deitel,2026-04-24,17:58:52,-07:00,2026-04-24T17:58:52-07:00,2,77
global.js,89,js,f66ca596,Thomas Deitel,2026-04-24,17:58:52,-07:00,2026-04-24T17:58:52-07:00,0,0
global.js,90,js,f66ca596,Thomas Deitel,2026-04-24,17:58:52,-07:00,2026-04-24T17:58:52-07:00,2,15
global.js,91,js,f66ca596,Thomas Deitel,2026-04-24,17:58:52,-07:00,2026-04-24T17:58:52-07:00,3,44
global.js,92,js,f66ca596,Thomas Deitel,2026-04-24,17:58:52,-07:00,2026-04-24T17:58:52-07:00,3,26
global.js,93,js,f66ca596,Thomas Deitel,2026-04-24,17:58:52,-07:00,2026-04-24T17:58:52-07:00,3,35
global.js,94,js,f66ca596,Thomas Deitel,2026-04-24,17:58:52,-07:00,2026-04-24T17:58:52-07:00,3,28
global.js,95,js,f66ca596,Thomas Deitel,2026-04-24,17:58:52,-07:00,2026-04-24T17:58:52-07:00,3,24
global.js,96,js,f66ca596,Thomas Deitel,2026-04-24,17:58:52,-07:00,2026-04-24T17:58:52-07:00,2,6
global.js,97,js,f66ca596,Thomas Deitel,2026-04-24,17:58:52,-07:00,2026-04-24T17:58:52-07:00,3,26
global.js,98,js,f66ca596,Thomas Deitel,2026-04-24,17:58:52,-07:00,2026-04-24T17:58:52-07:00,2,0
global.js,99,js,f66ca596,Thomas Deitel,2026-04-24,17:58:52,-07:00,2026-04-24T17:58:52-07:00,0,0
global.js,100,js,f66ca596,Thomas Deitel,2026-04-24,17:58:52,-07:00,2026-04-24T17:58:52-07:00,2,22
global.js,101,js,f66ca596,Thomas Deitel,2026-04-24,17:58:52,-07:00,2026-04-24T17:58:52-07:00,0,0
global.js,102,js,f66ca596,Thomas Deitel,2026-04-24,17:58:52,-07:00,2026-04-24T17:58:52-07:00,2,42
global.js,103,js,f66ca596,Thomas Deitel,2026-04-24,17:58:52,-07:00,2026-04-24T17:58:52-07:00,2,22
global.js,104,js,f66ca596,Thomas Deitel,2026-04-24,17:58:52,-07:00,2026-04-24T17:58:52-07:00,2,19
global.js,105,js,f66ca596,Thomas Deitel,2026-04-24,17:58:52,-07:00,2026-04-24T17:58:52-07:00,0,0
global.js,106,js,f66ca596,Thomas Deitel,2026-04-24,17:58:52,-07:00,2026-04-24T17:58:52-07:00,2,15
global.js,107,js,f66ca596,Thomas Deitel,2026-04-24,17:58:52,-07:00,2026-04-24T17:58:52-07:00,3,44
global.js,108,js,f66ca596,Thomas Deitel,2026-04-24,17:58:52,-07:00,2026-04-24T17:58:52-07:00,3,26
global.js,109,js,f66ca596,Thomas Deitel,2026-04-24,17:58:52,-07:00,2026-04-24T17:58:52-07:00,3,36
global.js,110,js,f66ca596,Thomas Deitel,2026-04-24,17:58:52,-07:00,2026-04-24T17:58:52-07:00,3,22
global.js,111,js,f66ca596,Thomas Deitel,2026-04-24,17:58:52,-07:00,2026-04-24T17:58:52-07:00,3,24
global.js,112,js,f66ca596,Thomas Deitel,2026-04-24,17:58:52,-07:00,2026-04-24T17:58:52-07:00,2,6
global.js,113,js,f66ca596,Thomas Deitel,2026-04-24,17:58:52,-07:00,2026-04-24T17:58:52-07:00,3,20
global.js,114,js,f66ca596,Thomas Deitel,2026-04-24,17:58:52,-07:00,2026-04-24T17:58:52-07:00,2,0
global.js,115,js,f66ca596,Thomas Deitel,2026-04-24,17:58:52,-07:00,2026-04-24T17:58:52-07:00,0,0
global.js,116,js,e98842ee,Thomas Deitel,2026-05-01,18:45:44,-07:00,2026-05-01T18:45:44-07:00,2,48
global.js,117,js,e98842ee,Thomas Deitel,2026-05-01,18:45:44,-07:00,2026-05-01T18:45:44-07:00,2,37
global.js,118,js,e98842ee,Thomas Deitel,2026-05-01,18:45:44,-07:00,2026-05-01T18:45:44-07:00,0,0
global.js,119,js,f66ca596,Thomas Deitel,2026-04-24,17:58:52,-07:00,2026-04-24T17:58:52-07:00,2,53
global.js,120,js,f66ca596,Thomas Deitel,2026-04-24,17:58:52,-07:00,2026-04-24T17:58:52-07:00,2,51
global.js,121,js,f66ca596,Thomas Deitel,2026-04-24,17:58:52,-07:00,2026-04-24T17:58:52-07:00,2,43
global.js,122,js,e98842ee,Thomas Deitel,2026-05-01,18:45:44,-07:00,2026-05-01T18:45:44-07:00,2,37
global.js,123,js,e98842ee,Thomas Deitel,2026-05-01,18:45:44,-07:00,2026-05-01T18:45:44-07:00,0,0
global.js,124,js,e98842ee,Thomas Deitel,2026-05-01,18:45:44,-07:00,2026-05-01T18:45:44-07:00,2,9
global.js,125,js,e98842ee,Thomas Deitel,2026-05-01,18:45:44,-07:00,2026-05-01T18:45:44-07:00,3,46
global.js,126,js,e98842ee,Thomas Deitel,2026-05-01,18:45:44,-07:00,2026-05-01T18:45:44-07:00,3,37
global.js,127,js,e98842ee,Thomas Deitel,2026-05-01,18:45:44,-07:00,2026-05-01T18:45:44-07:00,3,29
global.js,128,js,e98842ee,Thomas Deitel,2026-05-01,18:45:44,-07:00,2026-05-01T18:45:44-07:00,3,30
global.js,129,js,e98842ee,Thomas Deitel,2026-05-01,18:45:44,-07:00,2026-05-01T18:45:44-07:00,2,0
global.js,130,js,e98842ee,Thomas Deitel,2026-05-01,18:45:44,-07:00,2026-05-01T18:45:44-07:00,0,0
global.js,131,js,e98842ee,Thomas Deitel,2026-05-01,18:45:44,-07:00,2026-05-01T18:45:44-07:00,2,26
global.js,132,js,f66ca596,Thomas Deitel,2026-04-24,17:58:52,-07:00,2026-04-24T17:58:52-07:00,0,0
global.js,133,js,f66ca596,Thomas Deitel,2026-04-24,17:58:52,-07:00,2026-04-24T17:58:52-07:00,2,31
global.js,134,js,f66ca596,Thomas Deitel,2026-04-24,17:58:52,-07:00,2026-04-24T17:58:52-07:00,1,0
global.js,135,js,f66ca596,Thomas Deitel,2026-04-24,17:58:52,-07:00,2026-04-24T17:58:52-07:00,0,0
global.js,136,js,f66ca596,Thomas Deitel,2026-04-24,17:58:52,-07:00,2026-04-24T17:58:52-07:00,0,0
global.js,137,js,f66ca596,Thomas Deitel,2026-04-24,17:58:52,-07:00,2026-04-24T17:58:52-07:00,0,47
global.js,138,js,f66ca596,Thomas Deitel,2026-04-24,17:58:52,-07:00,2026-04-24T17:58:52-07:00,1,59
global.js,139,js,f66ca596,Thomas Deitel,2026-04-24,17:58:52,-07:00,2026-04-24T17:58:52-07:00,0,0
global.js,140,js,f66ca596,Thomas Deitel,2026-04-24,17:58:52,-07:00,2026-04-24T17:58:52-07:00,0,0
global.js,141,js,f66ca596,Thomas Deitel,2026-04-24,17:58:52,-07:00,2026-04-24T17:58:52-07:00,0,45
global.js,142,js,f66ca596,Thomas Deitel,2026-04-24,17:58:52,-07:00,2026-04-24T17:58:52-07:00,0,0
global.js,143,js,2bad54e6,Thomas Deitel,2026-04-17,14:41:47,-07:00,2026-04-17T14:41:47-07:00,0,40
global.js,144,js,2bad54e6,Thomas Deitel,2026-04-17,14:41:47,-07:00,2026-04-17T14:41:47-07:00,0,0
global.js,145,js,2bad54e6,Thomas Deitel,2026-04-17,14:41:47,-07:00,2026-04-17T14:41:47-07:00,0,25
global.js,146,js,2bad54e6,Thomas Deitel,2026-04-17,14:41:47,-07:00,2026-04-17T14:41:47-07:00,1,36
global.js,147,js,2bad54e6,Thomas Deitel,2026-04-17,14:41:47,-07:00,2026-04-17T14:41:47-07:00,1,45
global.js,148,js,2bad54e6,Thomas Deitel,2026-04-17,14:41:47,-07:00,2026-04-17T14:41:47-07:00,0,0
global.js,149,js,2bad54e6,Thomas Deitel,2026-04-17,14:41:47,-07:00,2026-04-17T14:41:47-07:00,1,70
global.js,150,js,2bad54e6,Thomas Deitel,2026-04-17,14:41:47,-07:00,2026-04-17T14:41:47-07:00,1,25
global.js,151,js,2bad54e6,Thomas Deitel,2026-04-17,14:41:47,-07:00,2026-04-17T14:41:47-07:00,0,0
global.js,152,js,2bad54e6,Thomas Deitel,2026-04-17,14:41:47,-07:00,2026-04-17T14:41:47-07:00,1,29
global.js,153,js,2bad54e6,Thomas Deitel,2026-04-17,14:41:47,-07:00,2026-04-17T14:41:47-07:00,2,18
global.js,154,js,2bad54e6,Thomas Deitel,2026-04-17,14:41:47,-07:00,2026-04-17T14:41:47-07:00,2,28
global.js,155,js,2bad54e6,Thomas Deitel,2026-04-17,14:41:47,-07:00,2026-04-17T14:41:47-07:00,1,0
global.js,156,js,2bad54e6,Thomas Deitel,2026-04-17,14:41:47,-07:00,2026-04-17T14:41:47-07:00,0,0
global.js,157,js,2bad54e6,Thomas Deitel,2026-04-17,14:41:47,-07:00,2026-04-17T14:41:47-07:00,1,12
global.js,158,js,2bad54e6,Thomas Deitel,2026-04-17,14:41:47,-07:00,2026-04-17T14:41:47-07:00,0,0
global.js,159,js,2bad54e6,Thomas Deitel,2026-04-17,14:41:47,-07:00,2026-04-17T14:41:47-07:00,0,0
global.js,160,js,2bad54e6,Thomas Deitel,2026-04-17,14:41:47,-07:00,2026-04-17T14:41:47-07:00,0,25
global.js,161,js,2bad54e6,Thomas Deitel,2026-04-17,14:41:47,-07:00,2026-04-17T14:41:47-07:00,0,0
global.js,162,js,2bad54e6,Thomas Deitel,2026-04-17,14:41:47,-07:00,2026-04-17T14:41:47-07:00,0,28
global.js,163,js,2bad54e6,Thomas Deitel,2026-04-17,14:41:47,-07:00,2026-04-17T14:41:47-07:00,0,26
global.js,164,js,2bad54e6,Thomas Deitel,2026-04-17,14:41:47,-07:00,2026-04-17T14:41:47-07:00,1,44
global.js,165,js,2bad54e6,Thomas Deitel,2026-04-17,14:41:47,-07:00,2026-04-17T14:41:47-07:00,1,70
global.js,166,js,2bad54e6,Thomas Deitel,2026-04-17,14:41:47,-07:00,2026-04-17T14:41:47-07:00,1,35
global.js,167,js,2bad54e6,Thomas Deitel,2026-04-17,14:41:47,-07:00,2026-04-17T14:41:47-07:00,0,0
global.js,168,js,2bad54e6,Thomas Deitel,2026-04-17,14:41:47,-07:00,2026-04-17T14:41:47-07:00,0,36
global.js,169,js,2bad54e6,Thomas Deitel,2026-04-17,14:41:47,-07:00,2026-04-17T14:41:47-07:00,0,0
global.js,170,js,2bad54e6,Thomas Deitel,2026-04-17,14:41:47,-07:00,2026-04-17T14:41:47-07:00,0,31
global.js,171,js,2bad54e6,Thomas Deitel,2026-04-17,14:41:47,-07:00,2026-04-17T14:41:47-07:00,1,11
global.js,172,js,2bad54e6,Thomas Deitel,2026-04-17,14:41:47,-07:00,2026-04-17T14:41:47-07:00,1,0
global.js,173,js,2bad54e6,Thomas Deitel,2026-04-17,14:41:47,-07:00,2026-04-17T14:41:47-07:00,2,26
global.js,174,js,2bad54e6,Thomas Deitel,2026-04-17,14:41:47,-07:00,2026-04-17T14:41:47-07:00,3,4
global.js,175,js,2bad54e6,Thomas Deitel,2026-04-17,14:41:47,-07:00,2026-04-17T14:41:47-07:00,3,6
global.js,176,js,2bad54e6,Thomas Deitel,2026-04-17,14:41:47,-07:00,2026-04-17T14:41:47-07:00,4,43
global.js,177,js,2bad54e6,Thomas Deitel,2026-04-17,14:41:47,-07:00,2026-04-17T14:41:47-07:00,4,34
global.js,178,js,2bad54e6,Thomas Deitel,2026-04-17,14:41:47,-07:00,2026-04-17T14:41:47-07:00,4,32
global.js,179,js,2bad54e6,Thomas Deitel,2026-04-17,14:41:47,-07:00,2026-04-17T14:41:47-07:00,3,7
global.js,180,js,2bad54e6,Thomas Deitel,2026-04-17,14:41:47,-07:00,2026-04-17T14:41:47-07:00,2,6
global.js,181,js,2bad54e6,Thomas Deitel,2026-04-17,14:41:47,-07:00,2026-04-17T14:41:47-07:00,1,0
global.js,182,js,2bad54e6,Thomas Deitel,2026-04-17,14:41:47,-07:00,2026-04-17T14:41:47-07:00,0,0
global.js,183,js,2bad54e6,Thomas Deitel,2026-04-17,14:41:47,-07:00,2026-04-17T14:41:47-07:00,0,0
global.js,184,js,2bad54e6,Thomas Deitel,2026-04-17,14:41:47,-07:00,2026-04-17T14:41:47-07:00,0,71
global.js,185,js,2bad54e6,Thomas Deitel,2026-04-17,14:41:47,-07:00,2026-04-17T14:41:47-07:00,0,0
global.js,186,js,2bad54e6,Thomas Deitel,2026-04-17,14:41:47,-07:00,2026-04-17T14:41:47-07:00,0,38
global.js,187,js,2bad54e6,Thomas Deitel,2026-04-17,14:41:47,-07:00,2026-04-17T14:41:47-07:00,1,70
global.js,188,js,2bad54e6,Thomas Deitel,2026-04-17,14:41:47,-07:00,2026-04-17T14:41:47-07:00,1,36
global.js,189,js,2bad54e6,Thomas Deitel,2026-04-17,14:41:47,-07:00,2026-04-17T14:41:47-07:00,0,0
global.js,190,js,2bad54e6,Thomas Deitel,2026-04-17,14:41:47,-07:00,2026-04-17T14:41:47-07:00,0,0
global.js,191,js,2bad54e6,Thomas Deitel,2026-04-17,14:41:47,-07:00,2026-04-17T14:41:47-07:00,0,48
global.js,192,js,2bad54e6,Thomas Deitel,2026-04-17,14:41:47,-07:00,2026-04-17T14:41:47-07:00,0,15
global.js,193,js,2bad54e6,Thomas Deitel,2026-04-17,14:41:47,-07:00,2026-04-17T14:41:47-07:00,1,68
global.js,194,js,2bad54e6,Thomas Deitel,2026-04-17,14:41:47,-07:00,2026-04-17T14:41:47-07:00,0,0
global.js,195,js,2bad54e6,Thomas Deitel,2026-04-17,14:41:47,-07:00,2026-04-17T14:41:47-07:00,0,0
global.js,196,js,2bad54e6,Thomas Deitel,2026-04-17,14:41:47,-07:00,2026-04-17T14:41:47-07:00,0,54
global.js,197,js,2bad54e6,Thomas Deitel,2026-04-17,14:41:47,-07:00,2026-04-17T14:41:47-07:00,1,29
global.js,198,js,2bad54e6,Thomas Deitel,2026-04-17,14:41:47,-07:00,2026-04-17T14:41:47-07:00,0,0
global.js,199,js,2bad54e6,Thomas Deitel,2026-04-17,14:41:47,-07:00,2026-04-17T14:41:47-07:00,1,30
global.js,200,js,2bad54e6,Thomas Deitel,2026-04-17,14:41:47,-07:00,2026-04-17T14:41:47-07:00,2,5
global.js,201,js,2bad54e6,Thomas Deitel,2026-04-17,14:41:47,-07:00,2026-04-17T14:41:47-07:00,1,0
global.js,202,js,2bad54e6,Thomas Deitel,2026-04-17,14:41:47,-07:00,2026-04-17T14:41:47-07:00,0,0
global.js,203,js,2bad54e6,Thomas Deitel,2026-04-17,14:41:47,-07:00,2026-04-17T14:41:47-07:00,1,22
global.js,204,js,2bad54e6,Thomas Deitel,2026-04-17,14:41:47,-07:00,2026-04-17T14:41:47-07:00,1,31
global.js,205,js,2bad54e6,Thomas Deitel,2026-04-17,14:41:47,-07:00,2026-04-17T14:41:47-07:00,0,1
global.js,206,js,2bad54e6,Thomas Deitel,2026-04-17,14:41:47,-07:00,2026-04-17T14:41:47-07:00,0,0
global.js,207,js,2bad54e6,Thomas Deitel,2026-04-17,14:41:47,-07:00,2026-04-17T14:41:47-07:00,0,68
global.js,208,js,2bad54e6,Thomas Deitel,2026-04-17,14:41:47,-07:00,2026-04-17T14:41:47-07:00,0,0
global.js,209,js,2bad54e6,Thomas Deitel,2026-04-17,14:41:47,-07:00,2026-04-17T14:41:47-07:00,0,50
global.js,210,js,2bad54e6,Thomas Deitel,2026-04-17,14:41:47,-07:00,2026-04-17T14:41:47-07:00,1,21
global.js,211,js,2bad54e6,Thomas Deitel,2026-04-17,14:41:47,-07:00,2026-04-17T14:41:47-07:00,0,0
global.js,212,js,2bad54e6,Thomas Deitel,2026-04-17,14:41:47,-07:00,2026-04-17T14:41:47-07:00,1,31
global.js,213,js,2bad54e6,Thomas Deitel,2026-04-17,14:41:47,-07:00,2026-04-17T14:41:47-07:00,1,30
global.js,214,js,2bad54e6,Thomas Deitel,2026-04-17,14:41:47,-07:00,2026-04-17T14:41:47-07:00,1,49
global.js,215,js,2bad54e6,Thomas Deitel,2026-04-17,14:41:47,-07:00,2026-04-17T14:41:47-07:00,1,59
global.js,216,js,2bad54e6,Thomas Deitel,2026-04-17,14:41:47,-07:00,2026-04-17T14:41:47-07:00,1,56
global.js,217,js,2bad54e6,Thomas Deitel,2026-04-17,14:41:47,-07:00,2026-04-17T14:41:47-07:00,1,64
global.js,218,js,2bad54e6,Thomas Deitel,2026-04-17,14:41:47,-07:00,2026-04-17T14:41:47-07:00,1,16
global.js,219,js,2bad54e6,Thomas Deitel,2026-04-17,14:41:47,-07:00,2026-04-17T14:41:47-07:00,0,0
global.js,220,js,2bad54e6,Thomas Deitel,2026-04-17,14:41:47,-07:00,2026-04-17T14:41:47-07:00,1,12
global.js,221,js,2bad54e6,Thomas Deitel,2026-04-17,14:41:47,-07:00,2026-04-17T14:41:47-07:00,2,52
global.js,222,js,2bad54e6,Thomas Deitel,2026-04-17,14:41:47,-07:00,2026-04-17T14:41:47-07:00,1,0
global.js,223,js,2bad54e6,Thomas Deitel,2026-04-17,14:41:47,-07:00,2026-04-17T14:41:47-07:00,0,0
global.js,224,js,2bad54e6,Thomas Deitel,2026-04-17,14:41:47,-07:00,2026-04-17T14:41:47-07:00,1,9
global.js,225,js,2bad54e6,Thomas Deitel,2026-04-17,14:41:47,-07:00,2026-04-17T14:41:47-07:00,2,46
global.js,226,js,2bad54e6,Thomas Deitel,2026-04-17,14:41:47,-07:00,2026-04-17T14:41:47-07:00,1,0
global.js,227,js,2bad54e6,Thomas Deitel,2026-04-17,14:41:47,-07:00,2026-04-17T14:41:47-07:00,0,0
global.js,228,js,2bad54e6,Thomas Deitel,2026-04-17,14:41:47,-07:00,2026-04-17T14:41:47-07:00,1,77
global.js,229,js,2bad54e6,Thomas Deitel,2026-04-17,14:41:47,-07:00,2026-04-17T14:41:47-07:00,0,1
resume/index.html,1,html,5b1c0da9,Thomas Deitel,2026-04-03,16:16:01,-07:00,2026-04-03T16:16:01-07:00,0,13
resume/index.html,2,html,5b1c0da9,Thomas Deitel,2026-04-03,16:16:01,-07:00,2026-04-03T16:16:01-07:00,0,14
resume/index.html,3,html,5b1c0da9,Thomas Deitel,2026-04-03,16:16:01,-07:00,2026-04-03T16:16:01-07:00,0,4
resume/index.html,4,html,5b1c0da9,Thomas Deitel,2026-04-03,16:16:01,-07:00,2026-04-03T16:16:01-07:00,1,20
resume/index.html,5,html,5b1c0da9,Thomas Deitel,2026-04-03,16:16:01,-07:00,2026-04-03T16:16:01-07:00,1,68
resume/index.html,6,html,5b1c0da9,Thomas Deitel,2026-04-03,16:16:01,-07:00,2026-04-03T16:16:01-07:00,1,34
resume/index.html,7,html,5b1c0da9,Thomas Deitel,2026-04-03,16:16:01,-07:00,2026-04-03T16:16:01-07:00,1,41
resume/index.html,8,html,2bad54e6,Thomas Deitel,2026-04-17,14:41:47,-07:00,2026-04-17T14:41:47-07:00,1,48
resume/index.html,9,html,5b1c0da9,Thomas Deitel,2026-04-03,16:16:01,-07:00,2026-04-03T16:16:01-07:00,0,5
resume/index.html,10,html,5b1c0da9,Thomas Deitel,2026-04-03,16:16:01,-07:00,2026-04-03T16:16:01-07:00,0,4
resume/index.html,11,html,5b1c0da9,Thomas Deitel,2026-04-03,16:16:01,-07:00,2026-04-03T16:16:01-07:00,1,4
resume/index.html,12,html,5b1c0da9,Thomas Deitel,2026-04-03,16:16:01,-07:00,2026-04-03T16:16:01-07:00,2,28
resume/index.html,13,html,5b1c0da9,Thomas Deitel,2026-04-03,16:16:01,-07:00,2026-04-03T16:16:01-07:00,3,20
resume/index.html,14,html,5b1c0da9,Thomas Deitel,2026-04-03,16:16:01,-07:00,2026-04-03T16:16:01-07:00,3,133
resume/index.html,15,html,5b1c0da9,Thomas Deitel,2026-04-03,16:16:01,-07:00,2026-04-03T16:16:01-07:00,3,23
resume/index.html,16,html,5b1c0da9,Thomas Deitel,2026-04-03,16:16:01,-07:00,2026-04-03T16:16:01-07:00,4,53
resume/index.html,17,html,5b1c0da9,Thomas Deitel,2026-04-03,16:16:01,-07:00,2026-04-03T16:16:01-07:00,4,61
resume/index.html,18,html,5b1c0da9,Thomas Deitel,2026-04-03,16:16:01,-07:00,2026-04-03T16:16:01-07:00,4,77
resume/index.html,19,html,5b1c0da9,Thomas Deitel,2026-04-03,16:16:01,-07:00,2026-04-03T16:16:01-07:00,4,112
resume/index.html,20,html,5b1c0da9,Thomas Deitel,2026-04-03,16:16:01,-07:00,2026-04-03T16:16:01-07:00,4,100
resume/index.html,21,html,5b1c0da9,Thomas Deitel,2026-04-03,16:16:01,-07:00,2026-04-03T16:16:01-07:00,3,3
resume/index.html,22,html,5b1c0da9,Thomas Deitel,2026-04-03,16:16:01,-07:00,2026-04-03T16:16:01-07:00,2,7
resume/index.html,23,html,5b1c0da9,Thomas Deitel,2026-04-03,16:16:01,-07:00,2026-04-03T16:16:01-07:00,0,0
resume/index.html,24,html,5b1c0da9,Thomas Deitel,2026-04-03,16:16:01,-07:00,2026-04-03T16:16:01-07:00,2,43
resume/index.html,25,html,5b1c0da9,Thomas Deitel,2026-04-03,16:16:01,-07:00,2026-04-03T16:16:01-07:00,3,39
resume/index.html,26,html,5b1c0da9,Thomas Deitel,2026-04-03,16:16:01,-07:00,2026-04-03T16:16:01-07:00,3,7
resume/index.html,27,html,5b1c0da9,Thomas Deitel,2026-04-03,16:16:01,-07:00,2026-04-03T16:16:01-07:00,4,27
resume/index.html,28,html,5b1c0da9,Thomas Deitel,2026-04-03,16:16:01,-07:00,2026-04-03T16:16:01-07:00,5,42
resume/index.html,29,html,5b1c0da9,Thomas Deitel,2026-04-03,16:16:01,-07:00,2026-04-03T16:16:01-07:00,5,52
resume/index.html,30,html,5b1c0da9,Thomas Deitel,2026-04-03,16:16:01,-07:00,2026-04-03T16:16:01-07:00,5,86
resume/index.html,31,html,5b1c0da9,Thomas Deitel,2026-04-03,16:16:01,-07:00,2026-04-03T16:16:01-07:00,4,7
resume/index.html,32,html,5b1c0da9,Thomas Deitel,2026-04-03,16:16:01,-07:00,2026-04-03T16:16:01-07:00,4,103
resume/index.html,33,html,5b1c0da9,Thomas Deitel,2026-04-03,16:16:01,-07:00,2026-04-03T16:16:01-07:00,3,8
resume/index.html,34,html,5b1c0da9,Thomas Deitel,2026-04-03,16:16:01,-07:00,2026-04-03T16:16:01-07:00,2,8
resume/index.html,35,html,5b1c0da9,Thomas Deitel,2026-04-03,16:16:01,-07:00,2026-04-03T16:16:01-07:00,0,0
resume/index.html,36,html,5b1c0da9,Thomas Deitel,2026-04-03,16:16:01,-07:00,2026-04-03T16:16:01-07:00,2,44
resume/index.html,37,html,5b1c0da9,Thomas Deitel,2026-04-03,16:16:01,-07:00,2026-04-03T16:16:01-07:00,3,54
resume/index.html,38,html,5b1c0da9,Thomas Deitel,2026-04-03,16:16:01,-07:00,2026-04-03T16:16:01-07:00,0,0
resume/index.html,39,html,5b1c0da9,Thomas Deitel,2026-04-03,16:16:01,-07:00,2026-04-03T16:16:01-07:00,3,7
resume/index.html,40,html,5b1c0da9,Thomas Deitel,2026-04-03,16:16:01,-07:00,2026-04-03T16:16:01-07:00,4,27
resume/index.html,41,html,5b1c0da9,Thomas Deitel,2026-04-03,16:16:01,-07:00,2026-04-03T16:16:01-07:00,5,42
resume/index.html,42,html,5b1c0da9,Thomas Deitel,2026-04-03,16:16:01,-07:00,2026-04-03T16:16:01-07:00,5,46
resume/index.html,43,html,5b1c0da9,Thomas Deitel,2026-04-03,16:16:01,-07:00,2026-04-03T16:16:01-07:00,5,112
resume/index.html,44,html,5b1c0da9,Thomas Deitel,2026-04-03,16:16:01,-07:00,2026-04-03T16:16:01-07:00,4,7
resume/index.html,45,html,5b1c0da9,Thomas Deitel,2026-04-03,16:16:01,-07:00,2026-04-03T16:16:01-07:00,4,2
resume/index.html,46,html,5b1c0da9,Thomas Deitel,2026-04-03,16:16:01,-07:00,2026-04-03T16:16:01-07:00,5,113
resume/index.html,47,html,5b1c0da9,Thomas Deitel,2026-04-03,16:16:01,-07:00,2026-04-03T16:16:01-07:00,5,135
resume/index.html,48,html,5b1c0da9,Thomas Deitel,2026-04-03,16:16:01,-07:00,2026-04-03T16:16:01-07:00,4,3
resume/index.html,49,html,5b1c0da9,Thomas Deitel,2026-04-03,16:16:01,-07:00,2026-04-03T16:16:01-07:00,3,8
resume/index.html,50,html,5b1c0da9,Thomas Deitel,2026-04-03,16:16:01,-07:00,2026-04-03T16:16:01-07:00,0,0
resume/index.html,51,html,5b1c0da9,Thomas Deitel,2026-04-03,16:16:01,-07:00,2026-04-03T16:16:01-07:00,3,7
resume/index.html,52,html,5b1c0da9,Thomas Deitel,2026-04-03,16:16:01,-07:00,2026-04-03T16:16:01-07:00,4,27
resume/index.html,53,html,5b1c0da9,Thomas Deitel,2026-04-03,16:16:01,-07:00,2026-04-03T16:16:01-07:00,5,23
resume/index.html,54,html,5b1c0da9,Thomas Deitel,2026-04-03,16:16:01,-07:00,2026-04-03T16:16:01-07:00,5,50
resume/index.html,55,html,5b1c0da9,Thomas Deitel,2026-04-03,16:16:01,-07:00,2026-04-03T16:16:01-07:00,4,7
resume/index.html,56,html,5b1c0da9,Thomas Deitel,2026-04-03,16:16:01,-07:00,2026-04-03T16:16:01-07:00,0,0
resume/index.html,57,html,5b1c0da9,Thomas Deitel,2026-04-03,16:16:01,-07:00,2026-04-03T16:16:01-07:00,4,47
resume/index.html,58,html,5b1c0da9,Thomas Deitel,2026-04-03,16:16:01,-07:00,2026-04-03T16:16:01-07:00,5,27
resume/index.html,59,html,5b1c0da9,Thomas Deitel,2026-04-03,16:16:01,-07:00,2026-04-03T16:16:01-07:00,6,61
resume/index.html,60,html,5b1c0da9,Thomas Deitel,2026-04-03,16:16:01,-07:00,2026-04-03T16:16:01-07:00,6,110
resume/index.html,61,html,5b1c0da9,Thomas Deitel,2026-04-03,16:16:01,-07:00,2026-04-03T16:16:01-07:00,5,7
resume/index.html,62,html,5b1c0da9,Thomas Deitel,2026-04-03,16:16:01,-07:00,2026-04-03T16:16:01-07:00,5,2
resume/index.html,63,html,5b1c0da9,Thomas Deitel,2026-04-03,16:16:01,-07:00,2026-04-03T16:16:01-07:00,6,97
resume/index.html,64,html,5b1c0da9,Thomas Deitel,2026-04-03,16:16:01,-07:00,2026-04-03T16:16:01-07:00,6,105
resume/index.html,65,html,5b1c0da9,Thomas Deitel,2026-04-03,16:16:01,-07:00,2026-04-03T16:16:01-07:00,5,3
resume/index.html,66,html,5b1c0da9,Thomas Deitel,2026-04-03,16:16:01,-07:00,2026-04-03T16:16:01-07:00,4,8
resume/index.html,67,html,5b1c0da9,Thomas Deitel,2026-04-03,16:16:01,-07:00,2026-04-03T16:16:01-07:00,0,0
resume/index.html,68,html,5b1c0da9,Thomas Deitel,2026-04-03,16:16:01,-07:00,2026-04-03T16:16:01-07:00,4,47
resume/index.html,69,html,5b1c0da9,Thomas Deitel,2026-04-03,16:16:01,-07:00,2026-04-03T16:16:01-07:00,5,27
resume/index.html,70,html,5b1c0da9,Thomas Deitel,2026-04-03,16:16:01,-07:00,2026-04-03T16:16:01-07:00,6,49
resume/index.html,71,html,5b1c0da9,Thomas Deitel,2026-04-03,16:16:01,-07:00,2026-04-03T16:16:01-07:00,6,115
resume/index.html,72,html,5b1c0da9,Thomas Deitel,2026-04-03,16:16:01,-07:00,2026-04-03T16:16:01-07:00,5,7
resume/index.html,73,html,5b1c0da9,Thomas Deitel,2026-04-03,16:16:01,-07:00,2026-04-03T16:16:01-07:00,5,2
resume/index.html,74,html,5b1c0da9,Thomas Deitel,2026-04-03,16:16:01,-07:00,2026-04-03T16:16:01-07:00,6,105
resume/index.html,75,html,5b1c0da9,Thomas Deitel,2026-04-03,16:16:01,-07:00,2026-04-03T16:16:01-07:00,6,99
resume/index.html,76,html,5b1c0da9,Thomas Deitel,2026-04-03,16:16:01,-07:00,2026-04-03T16:16:01-07:00,6,107
resume/index.html,77,html,5b1c0da9,Thomas Deitel,2026-04-03,16:16:01,-07:00,2026-04-03T16:16:01-07:00,5,3
resume/index.html,78,html,5b1c0da9,Thomas Deitel,2026-04-03,16:16:01,-07:00,2026-04-03T16:16:01-07:00,4,8
resume/index.html,79,html,5b1c0da9,Thomas Deitel,2026-04-03,16:16:01,-07:00,2026-04-03T16:16:01-07:00,3,8
resume/index.html,80,html,5b1c0da9,Thomas Deitel,2026-04-03,16:16:01,-07:00,2026-04-03T16:16:01-07:00,0,0
resume/index.html,81,html,5b1c0da9,Thomas Deitel,2026-04-03,16:16:01,-07:00,2026-04-03T16:16:01-07:00,3,7
resume/index.html,82,html,5b1c0da9,Thomas Deitel,2026-04-03,16:16:01,-07:00,2026-04-03T16:16:01-07:00,4,27
resume/index.html,83,html,5b1c0da9,Thomas Deitel,2026-04-03,16:16:01,-07:00,2026-04-03T16:16:01-07:00,5,38
resume/index.html,84,html,5b1c0da9,Thomas Deitel,2026-04-03,16:16:01,-07:00,2026-04-03T16:16:01-07:00,5,30
resume/index.html,85,html,5b1c0da9,Thomas Deitel,2026-04-03,16:16:01,-07:00,2026-04-03T16:16:01-07:00,5,111
resume/index.html,86,html,5b1c0da9,Thomas Deitel,2026-04-03,16:16:01,-07:00,2026-04-03T16:16:01-07:00,4,7
resume/index.html,87,html,5b1c0da9,Thomas Deitel,2026-04-03,16:16:01,-07:00,2026-04-03T16:16:01-07:00,4,2
resume/index.html,88,html,5b1c0da9,Thomas Deitel,2026-04-03,16:16:01,-07:00,2026-04-03T16:16:01-07:00,5,73
resume/index.html,89,html,5b1c0da9,Thomas Deitel,2026-04-03,16:16:01,-07:00,2026-04-03T16:16:01-07:00,5,95
resume/index.html,90,html,5b1c0da9,Thomas Deitel,2026-04-03,16:16:01,-07:00,2026-04-03T16:16:01-07:00,5,69
resume/index.html,91,html,5b1c0da9,Thomas Deitel,2026-04-03,16:16:01,-07:00,2026-04-03T16:16:01-07:00,4,3
resume/index.html,92,html,5b1c0da9,Thomas Deitel,2026-04-03,16:16:01,-07:00,2026-04-03T16:16:01-07:00,3,8
resume/index.html,93,html,5b1c0da9,Thomas Deitel,2026-04-03,16:16:01,-07:00,2026-04-03T16:16:01-07:00,0,0
resume/index.html,94,html,5b1c0da9,Thomas Deitel,2026-04-03,16:16:01,-07:00,2026-04-03T16:16:01-07:00,3,7
resume/index.html,95,html,5b1c0da9,Thomas Deitel,2026-04-03,16:16:01,-07:00,2026-04-03T16:16:01-07:00,4,27
resume/index.html,96,html,5b1c0da9,Thomas Deitel,2026-04-03,16:16:01,-07:00,2026-04-03T16:16:01-07:00,5,41
resume/index.html,97,html,5b1c0da9,Thomas Deitel,2026-04-03,16:16:01,-07:00,2026-04-03T16:16:01-07:00,5,49
resume/index.html,98,html,5b1c0da9,Thomas Deitel,2026-04-03,16:16:01,-07:00,2026-04-03T16:16:01-07:00,5,77
resume/index.html,99,html,5b1c0da9,Thomas Deitel,2026-04-03,16:16:01,-07:00,2026-04-03T16:16:01-07:00,4,7
resume/index.html,100,html,5b1c0da9,Thomas Deitel,2026-04-03,16:16:01,-07:00,2026-04-03T16:16:01-07:00,4,2
resume/index.html,101,html,5b1c0da9,Thomas Deitel,2026-04-03,16:16:01,-07:00,2026-04-03T16:16:01-07:00,5,105
resume/index.html,102,html,5b1c0da9,Thomas Deitel,2026-04-03,16:16:01,-07:00,2026-04-03T16:16:01-07:00,5,129
resume/index.html,103,html,5b1c0da9,Thomas Deitel,2026-04-03,16:16:01,-07:00,2026-04-03T16:16:01-07:00,4,3
resume/index.html,104,html,5b1c0da9,Thomas Deitel,2026-04-03,16:16:01,-07:00,2026-04-03T16:16:01-07:00,3,8
resume/index.html,105,html,5b1c0da9,Thomas Deitel,2026-04-03,16:16:01,-07:00,2026-04-03T16:16:01-07:00,0,0
resume/index.html,106,html,5b1c0da9,Thomas Deitel,2026-04-03,16:16:01,-07:00,2026-04-03T16:16:01-07:00,3,7
resume/index.html,107,html,5b1c0da9,Thomas Deitel,2026-04-03,16:16:01,-07:00,2026-04-03T16:16:01-07:00,4,27
resume/index.html,108,html,5b1c0da9,Thomas Deitel,2026-04-03,16:16:01,-07:00,2026-04-03T16:16:01-07:00,5,46
resume/index.html,109,html,5b1c0da9,Thomas Deitel,2026-04-03,16:16:01,-07:00,2026-04-03T16:16:01-07:00,5,44
resume/index.html,110,html,5b1c0da9,Thomas Deitel,2026-04-03,16:16:01,-07:00,2026-04-03T16:16:01-07:00,5,81
resume/index.html,111,html,5b1c0da9,Thomas Deitel,2026-04-03,16:16:01,-07:00,2026-04-03T16:16:01-07:00,4,7
resume/index.html,112,html,5b1c0da9,Thomas Deitel,2026-04-03,16:16:01,-07:00,2026-04-03T16:16:01-07:00,4,2
resume/index.html,113,html,5b1c0da9,Thomas Deitel,2026-04-03,16:16:01,-07:00,2026-04-03T16:16:01-07:00,5,144
resume/index.html,114,html,5b1c0da9,Thomas Deitel,2026-04-03,16:16:01,-07:00,2026-04-03T16:16:01-07:00,5,141
resume/index.html,115,html,5b1c0da9,Thomas Deitel,2026-04-03,16:16:01,-07:00,2026-04-03T16:16:01-07:00,5,151
resume/index.html,116,html,5b1c0da9,Thomas Deitel,2026-04-03,16:16:01,-07:00,2026-04-03T16:16:01-07:00,4,3
resume/index.html,117,html,5b1c0da9,Thomas Deitel,2026-04-03,16:16:01,-07:00,2026-04-03T16:16:01-07:00,3,8
resume/index.html,118,html,5b1c0da9,Thomas Deitel,2026-04-03,16:16:01,-07:00,2026-04-03T16:16:01-07:00,2,8
resume/index.html,119,html,5b1c0da9,Thomas Deitel,2026-04-03,16:16:01,-07:00,2026-04-03T16:16:01-07:00,0,0
resume/index.html,120,html,5b1c0da9,Thomas Deitel,2026-04-03,16:16:01,-07:00,2026-04-03T16:16:01-07:00,2,40
resume/index.html,121,html,5b1c0da9,Thomas Deitel,2026-04-03,16:16:01,-07:00,2026-04-03T16:16:01-07:00,3,33
resume/index.html,122,html,5b1c0da9,Thomas Deitel,2026-04-03,16:16:01,-07:00,2026-04-03T16:16:01-07:00,3,2
resume/index.html,123,html,5b1c0da9,Thomas Deitel,2026-04-03,16:16:01,-07:00,2026-04-03T16:16:01-07:00,4,39
resume/index.html,124,html,5b1c0da9,Thomas Deitel,2026-04-03,16:16:01,-07:00,2026-04-03T16:16:01-07:00,4,89
resume/index.html,125,html,5b1c0da9,Thomas Deitel,2026-04-03,16:16:01,-07:00,2026-04-03T16:16:01-07:00,4,93
resume/index.html,126,html,5b1c0da9,Thomas Deitel,2026-04-03,16:16:01,-07:00,2026-04-03T16:16:01-07:00,3,3
resume/index.html,127,html,5b1c0da9,Thomas Deitel,2026-04-03,16:16:01,-07:00,2026-04-03T16:16:01-07:00,2,8
resume/index.html,128,html,5b1c0da9,Thomas Deitel,2026-04-03,16:16:01,-07:00,2026-04-03T16:16:01-07:00,0,0
resume/index.html,129,html,5b1c0da9,Thomas Deitel,2026-04-03,16:16:01,-07:00,2026-04-03T16:16:01-07:00,2,48
resume/index.html,130,html,5b1c0da9,Thomas Deitel,2026-04-03,16:16:01,-07:00,2026-04-03T16:16:01-07:00,3,62
resume/index.html,131,html,5b1c0da9,Thomas Deitel,2026-04-03,16:16:01,-07:00,2026-04-03T16:16:01-07:00,3,147
resume/index.html,132,html,5b1c0da9,Thomas Deitel,2026-04-03,16:16:01,-07:00,2026-04-03T16:16:01-07:00,0,0
resume/index.html,133,html,5b1c0da9,Thomas Deitel,2026-04-03,16:16:01,-07:00,2026-04-03T16:16:01-07:00,3,7
resume/index.html,134,html,5b1c0da9,Thomas Deitel,2026-04-03,16:16:01,-07:00,2026-04-03T16:16:01-07:00,4,27
resume/index.html,135,html,5b1c0da9,Thomas Deitel,2026-04-03,16:16:01,-07:00,2026-04-03T16:16:01-07:00,5,70
resume/index.html,136,html,5b1c0da9,Thomas Deitel,2026-04-03,16:16:01,-07:00,2026-04-03T16:16:01-07:00,5,74
resume/index.html,137,html,5b1c0da9,Thomas Deitel,2026-04-03,16:16:01,-07:00,2026-04-03T16:16:01-07:00,4,7
resume/index.html,138,html,5b1c0da9,Thomas Deitel,2026-04-03,16:16:01,-07:00,2026-04-03T16:16:01-07:00,4,148
resume/index.html,139,html,5b1c0da9,Thomas Deitel,2026-04-03,16:16:01,-07:00,2026-04-03T16:16:01-07:00,3,8
resume/index.html,140,html,5b1c0da9,Thomas Deitel,2026-04-03,16:16:01,-07:00,2026-04-03T16:16:01-07:00,0,0
resume/index.html,141,html,5b1c0da9,Thomas Deitel,2026-04-03,16:16:01,-07:00,2026-04-03T16:16:01-07:00,3,7
resume/index.html,142,html,5b1c0da9,Thomas Deitel,2026-04-03,16:16:01,-07:00,2026-04-03T16:16:01-07:00,4,27
resume/index.html,143,html,5b1c0da9,Thomas Deitel,2026-04-03,16:16:01,-07:00,2026-04-03T16:16:01-07:00,5,69
resume/index.html,144,html,5b1c0da9,Thomas Deitel,2026-04-03,16:16:01,-07:00,2026-04-03T16:16:01-07:00,5,81
resume/index.html,145,html,5b1c0da9,Thomas Deitel,2026-04-03,16:16:01,-07:00,2026-04-03T16:16:01-07:00,4,7
resume/index.html,146,html,5b1c0da9,Thomas Deitel,2026-04-03,16:16:01,-07:00,2026-04-03T16:16:01-07:00,4,105
resume/index.html,147,html,5b1c0da9,Thomas Deitel,2026-04-03,16:16:01,-07:00,2026-04-03T16:16:01-07:00,3,8
resume/index.html,148,html,5b1c0da9,Thomas Deitel,2026-04-03,16:16:01,-07:00,2026-04-03T16:16:01-07:00,0,0
resume/index.html,149,html,5b1c0da9,Thomas Deitel,2026-04-03,16:16:01,-07:00,2026-04-03T16:16:01-07:00,3,7
resume/index.html,150,html,5b1c0da9,Thomas Deitel,2026-04-03,16:16:01,-07:00,2026-04-03T16:16:01-07:00,4,27
resume/index.html,151,html,5b1c0da9,Thomas Deitel,2026-04-03,16:16:01,-07:00,2026-04-03T16:16:01-07:00,5,31
resume/index.html,152,html,5b1c0da9,Thomas Deitel,2026-04-03,16:16:01,-07:00,2026-04-03T16:16:01-07:00,5,83
resume/index.html,153,html,5b1c0da9,Thomas Deitel,2026-04-03,16:16:01,-07:00,2026-04-03T16:16:01-07:00,4,7
resume/index.html,154,html,5b1c0da9,Thomas Deitel,2026-04-03,16:16:01,-07:00,2026-04-03T16:16:01-07:00,4,95
resume/index.html,155,html,5b1c0da9,Thomas Deitel,2026-04-03,16:16:01,-07:00,2026-04-03T16:16:01-07:00,3,8
resume/index.html,156,html,5b1c0da9,Thomas Deitel,2026-04-03,16:16:01,-07:00,2026-04-03T16:16:01-07:00,0,0
resume/index.html,157,html,5b1c0da9,Thomas Deitel,2026-04-03,16:16:01,-07:00,2026-04-03T16:16:01-07:00,3,7
resume/index.html,158,html,5b1c0da9,Thomas Deitel,2026-04-03,16:16:01,-07:00,2026-04-03T16:16:01-07:00,4,27
resume/index.html,159,html,5b1c0da9,Thomas Deitel,2026-04-03,16:16:01,-07:00,2026-04-03T16:16:01-07:00,5,49
resume/index.html,160,html,5b1c0da9,Thomas Deitel,2026-04-03,16:16:01,-07:00,2026-04-03T16:16:01-07:00,5,106
resume/index.html,161,html,5b1c0da9,Thomas Deitel,2026-04-03,16:16:01,-07:00,2026-04-03T16:16:01-07:00,4,7
resume/index.html,162,html,5b1c0da9,Thomas Deitel,2026-04-03,16:16:01,-07:00,2026-04-03T16:16:01-07:00,4,105
resume/index.html,163,html,5b1c0da9,Thomas Deitel,2026-04-03,16:16:01,-07:00,2026-04-03T16:16:01-07:00,3,8
resume/index.html,164,html,5b1c0da9,Thomas Deitel,2026-04-03,16:16:01,-07:00,2026-04-03T16:16:01-07:00,2,8
resume/index.html,165,html,5b1c0da9,Thomas Deitel,2026-04-03,16:16:01,-07:00,2026-04-03T16:16:01-07:00,1,5
resume/index.html,166,html,5b1c0da9,Thomas Deitel,2026-04-03,16:16:01,-07:00,2026-04-03T16:16:01-07:00,0,5
resume/index.html,167,html,5b1c0da9,Thomas Deitel,2026-04-03,16:16:01,-07:00,2026-04-03T16:16:01-07:00,0,5
projects/projects.js,1,js,e98842ee,Thomas Deitel,2026-05-01,18:45:44,-07:00,2026-05-01T18:45:44-07:00,0,63
projects/projects.js,2,js,f66ca596,Thomas Deitel,2026-04-24,17:58:52,-07:00,2026-04-24T17:58:52-07:00,0,55
projects/projects.js,3,js,f66ca596,Thomas Deitel,2026-04-24,17:58:52,-07:00,2026-04-24T17:58:52-07:00,0,0
projects/projects.js,4,js,f66ca596,Thomas Deitel,2026-04-24,17:58:52,-07:00,2026-04-24T17:58:52-07:00,0,63
projects/projects.js,5,js,f66ca596,Thomas Deitel,2026-04-24,17:58:52,-07:00,2026-04-24T17:58:52-07:00,0,60
projects/projects.js,6,js,f66ca596,Thomas Deitel,2026-04-24,17:58:52,-07:00,2026-04-24T17:58:52-07:00,0,62
projects/projects.js,7,js,e98842ee,Thomas Deitel,2026-05-01,18:45:44,-07:00,2026-05-01T18:45:44-07:00,0,55
projects/projects.js,8,js,e98842ee,Thomas Deitel,2026-05-01,18:45:44,-07:00,2026-05-01T18:45:44-07:00,0,42
projects/projects.js,9,js,e98842ee,Thomas Deitel,2026-05-01,18:45:44,-07:00,2026-05-01T18:45:44-07:00,0,34
projects/projects.js,10,js,e98842ee,Thomas Deitel,2026-05-01,18:45:44,-07:00,2026-05-01T18:45:44-07:00,0,49
projects/projects.js,11,js,e98842ee,Thomas Deitel,2026-05-01,18:45:44,-07:00,2026-05-01T18:45:44-07:00,0,59
projects/projects.js,12,js,f66ca596,Thomas Deitel,2026-04-24,17:58:52,-07:00,2026-04-24T17:58:52-07:00,0,0
projects/projects.js,13,js,e98842ee,Thomas Deitel,2026-05-01,18:45:44,-07:00,2026-05-01T18:45:44-07:00,0,13
projects/projects.js,14,js,e98842ee,Thomas Deitel,2026-05-01,18:45:44,-07:00,2026-05-01T18:45:44-07:00,0,22
projects/projects.js,15,js,e98842ee,Thomas Deitel,2026-05-01,18:45:44,-07:00,2026-05-01T18:45:44-07:00,0,0
projects/projects.js,16,js,e98842ee,Thomas Deitel,2026-05-01,18:45:44,-07:00,2026-05-01T18:45:44-07:00,0,50
projects/projects.js,17,js,e98842ee,Thomas Deitel,2026-05-01,18:45:44,-07:00,2026-05-01T18:45:44-07:00,1,55
projects/projects.js,18,js,e98842ee,Thomas Deitel,2026-05-01,18:45:44,-07:00,2026-05-01T18:45:44-07:00,0,0
projects/projects.js,19,js,e98842ee,Thomas Deitel,2026-05-01,18:45:44,-07:00,2026-05-01T18:45:44-07:00,1,21
projects/projects.js,20,js,e98842ee,Thomas Deitel,2026-05-01,18:45:44,-07:00,2026-05-01T18:45:44-07:00,2,10
projects/projects.js,21,js,e98842ee,Thomas Deitel,2026-05-01,18:45:44,-07:00,2026-05-01T18:45:44-07:00,1,0
projects/projects.js,22,js,e98842ee,Thomas Deitel,2026-05-01,18:45:44,-07:00,2026-05-01T18:45:44-07:00,0,0
projects/projects.js,23,js,e98842ee,Thomas Deitel,2026-05-01,18:45:44,-07:00,2026-05-01T18:45:44-07:00,1,61
projects/projects.js,24,js,e98842ee,Thomas Deitel,2026-05-01,18:45:44,-07:00,2026-05-01T18:45:44-07:00,1,38
projects/projects.js,25,js,e98842ee,Thomas Deitel,2026-05-01,18:45:44,-07:00,2026-05-01T18:45:44-07:00,0,0
projects/projects.js,26,js,e98842ee,Thomas Deitel,2026-05-01,18:45:44,-07:00,2026-05-01T18:45:44-07:00,0,0
projects/projects.js,27,js,e98842ee,Thomas Deitel,2026-05-01,18:45:44,-07:00,2026-05-01T18:45:44-07:00,0,31
projects/projects.js,28,js,e98842ee,Thomas Deitel,2026-05-01,18:45:44,-07:00,2026-05-01T18:45:44-07:00,1,18
projects/projects.js,29,js,e98842ee,Thomas Deitel,2026-05-01,18:45:44,-07:00,2026-05-01T18:45:44-07:00,2,79
projects/projects.js,30,js,e98842ee,Thomas Deitel,2026-05-01,18:45:44,-07:00,2026-05-01T18:45:44-07:00,1,0
projects/projects.js,31,js,e98842ee,Thomas Deitel,2026-05-01,18:45:44,-07:00,2026-05-01T18:45:44-07:00,0,0
projects/projects.js,32,js,e98842ee,Thomas Deitel,2026-05-01,18:45:44,-07:00,2026-05-01T18:45:44-07:00,0,0
projects/projects.js,33,js,e98842ee,Thomas Deitel,2026-05-01,18:45:44,-07:00,2026-05-01T18:45:44-07:00,0,35
projects/projects.js,34,js,e98842ee,Thomas Deitel,2026-05-01,18:45:44,-07:00,2026-05-01T18:45:44-07:00,1,71
projects/projects.js,35,js,e98842ee,Thomas Deitel,2026-05-01,18:45:44,-07:00,2026-05-01T18:45:44-07:00,0,0
projects/projects.js,36,js,e98842ee,Thomas Deitel,2026-05-01,18:45:44,-07:00,2026-05-01T18:45:44-07:00,0,0
projects/projects.js,37,js,e98842ee,Thomas Deitel,2026-05-01,18:45:44,-07:00,2026-05-01T18:45:44-07:00,0,50
projects/projects.js,38,js,e98842ee,Thomas Deitel,2026-05-01,18:45:44,-07:00,2026-05-01T18:45:44-07:00,1,18
projects/projects.js,39,js,e98842ee,Thomas Deitel,2026-05-01,18:45:44,-07:00,2026-05-01T18:45:44-07:00,2,27
projects/projects.js,40,js,e98842ee,Thomas Deitel,2026-05-01,18:45:44,-07:00,2026-05-01T18:45:44-07:00,1,0
projects/projects.js,41,js,e98842ee,Thomas Deitel,2026-05-01,18:45:44,-07:00,2026-05-01T18:45:44-07:00,0,0
projects/projects.js,42,js,e98842ee,Thomas Deitel,2026-05-01,18:45:44,-07:00,2026-05-01T18:45:44-07:00,1,90
projects/projects.js,43,js,e98842ee,Thomas Deitel,2026-05-01,18:45:44,-07:00,2026-05-01T18:45:44-07:00,0,0
projects/projects.js,44,js,e98842ee,Thomas Deitel,2026-05-01,18:45:44,-07:00,2026-05-01T18:45:44-07:00,0,0
projects/projects.js,45,js,e98842ee,Thomas Deitel,2026-05-01,18:45:44,-07:00,2026-05-01T18:45:44-07:00,0,32
projects/projects.js,46,js,e98842ee,Thomas Deitel,2026-05-01,18:45:44,-07:00,2026-05-01T18:45:44-07:00,1,1
projects/projects.js,47,js,e98842ee,Thomas Deitel,2026-05-01,18:45:44,-07:00,2026-05-01T18:45:44-07:00,2,16
projects/projects.js,48,js,e98842ee,Thomas Deitel,2026-05-01,18:45:44,-07:00,2026-05-01T18:45:44-07:00,2,72
projects/projects.js,49,js,e98842ee,Thomas Deitel,2026-05-01,18:45:44,-07:00,2026-05-01T18:45:44-07:00,2,66
projects/projects.js,50,js,e98842ee,Thomas Deitel,2026-05-01,18:45:44,-07:00,2026-05-01T18:45:44-07:00,0,0
projects/projects.js,51,js,e98842ee,Thomas Deitel,2026-05-01,18:45:44,-07:00,2026-05-01T18:45:44-07:00,1,4
projects/projects.js,52,js,e98842ee,Thomas Deitel,2026-05-01,18:45:44,-07:00,2026-05-01T18:45:44-07:00,2,14
projects/projects.js,53,js,e98842ee,Thomas Deitel,2026-05-01,18:45:44,-07:00,2026-05-01T18:45:44-07:00,2,80
projects/projects.js,54,js,e98842ee,Thomas Deitel,2026-05-01,18:45:44,-07:00,2026-05-01T18:45:44-07:00,2,61
projects/projects.js,55,js,e98842ee,Thomas Deitel,2026-05-01,18:45:44,-07:00,2026-05-01T18:45:44-07:00,0,0
projects/projects.js,56,js,e98842ee,Thomas Deitel,2026-05-01,18:45:44,-07:00,2026-05-01T18:45:44-07:00,0,0
projects/projects.js,57,js,e98842ee,Thomas Deitel,2026-05-01,18:45:44,-07:00,2026-05-01T18:45:44-07:00,0,23
projects/projects.js,58,js,e98842ee,Thomas Deitel,2026-05-01,18:45:44,-07:00,2026-05-01T18:45:44-07:00,1,55
projects/projects.js,59,js,e98842ee,Thomas Deitel,2026-05-01,18:45:44,-07:00,2026-05-01T18:45:44-07:00,1,96
projects/projects.js,60,js,e98842ee,Thomas Deitel,2026-05-01,18:45:44,-07:00,2026-05-01T18:45:44-07:00,0,0
projects/projects.js,61,js,e98842ee,Thomas Deitel,2026-05-01,18:45:44,-07:00,2026-05-01T18:45:44-07:00,1,55
projects/projects.js,62,js,e98842ee,Thomas Deitel,2026-05-01,18:45:44,-07:00,2026-05-01T18:45:44-07:00,2,18
projects/projects.js,63,js,e98842ee,Thomas Deitel,2026-05-01,18:45:44,-07:00,2026-05-01T18:45:44-07:00,1,0
projects/projects.js,64,js,e98842ee,Thomas Deitel,2026-05-01,18:45:44,-07:00,2026-05-01T18:45:44-07:00,0,0
projects/projects.js,65,js,e98842ee,Thomas Deitel,2026-05-01,18:45:44,-07:00,2026-05-01T18:45:44-07:00,1,64
projects/projects.js,66,js,e98842ee,Thomas Deitel,2026-05-01,18:45:44,-07:00,2026-05-01T18:45:44-07:00,0,0
projects/projects.js,67,js,e98842ee,Thomas Deitel,2026-05-01,18:45:44,-07:00,2026-05-01T18:45:44-07:00,1,55
projects/projects.js,68,js,e98842ee,Thomas Deitel,2026-05-01,18:45:44,-07:00,2026-05-01T18:45:44-07:00,1,36
projects/projects.js,69,js,e98842ee,Thomas Deitel,2026-05-01,18:45:44,-07:00,2026-05-01T18:45:44-07:00,1,38
projects/projects.js,70,js,e98842ee,Thomas Deitel,2026-05-01,18:45:44,-07:00,2026-05-01T18:45:44-07:00,0,0
projects/projects.js,71,js,e98842ee,Thomas Deitel,2026-05-01,18:45:44,-07:00,2026-05-01T18:45:44-07:00,0,0
projects/projects.js,72,js,e98842ee,Thomas Deitel,2026-05-01,18:45:44,-07:00,2026-05-01T18:45:44-07:00,0,25
projects/projects.js,73,js,e98842ee,Thomas Deitel,2026-05-01,18:45:44,-07:00,2026-05-01T18:45:44-07:00,1,49
projects/projects.js,74,js,e98842ee,Thomas Deitel,2026-05-01,18:45:44,-07:00,2026-05-01T18:45:44-07:00,1,13
projects/projects.js,75,js,f66ca596,Thomas Deitel,2026-04-24,17:58:52,-07:00,2026-04-24T17:58:52-07:00,0,0
projects/projects.js,76,js,f66ca596,Thomas Deitel,2026-04-24,17:58:52,-07:00,2026-04-24T17:58:52-07:00,0,0
projects/projects.js,77,js,e98842ee,Thomas Deitel,2026-05-01,18:45:44,-07:00,2026-05-01T18:45:44-07:00,0,39
projects/projects.js,78,js,e98842ee,Thomas Deitel,2026-05-01,18:45:44,-07:00,2026-05-01T18:45:44-07:00,1,47
projects/projects.js,79,js,e98842ee,Thomas Deitel,2026-05-01,18:45:44,-07:00,2026-05-01T18:45:44-07:00,2,5
projects/projects.js,80,js,e98842ee,Thomas Deitel,2026-05-01,18:45:44,-07:00,2026-05-01T18:45:44-07:00,1,0
projects/projects.js,81,js,e98842ee,Thomas Deitel,2026-05-01,18:45:44,-07:00,2026-05-01T18:45:44-07:00,0,0
projects/projects.js,82,js,e98842ee,Thomas Deitel,2026-05-01,18:45:44,-07:00,2026-05-01T18:45:44-07:00,1,21
projects/projects.js,83,js,e98842ee,Thomas Deitel,2026-05-01,18:45:44,-07:00,2026-05-01T18:45:44-07:00,1,15
projects/projects.js,84,js,e98842ee,Thomas Deitel,2026-05-01,18:45:44,-07:00,2026-05-01T18:45:44-07:00,0,0
projects/projects.js,85,js,e98842ee,Thomas Deitel,2026-05-01,18:45:44,-07:00,2026-05-01T18:45:44-07:00,0,0
projects/projects.js,86,js,e98842ee,Thomas Deitel,2026-05-01,18:45:44,-07:00,2026-05-01T18:45:44-07:00,0,38
projects/projects.js,87,js,e98842ee,Thomas Deitel,2026-05-01,18:45:44,-07:00,2026-05-01T18:45:44-07:00,1,28
projects/projects.js,88,js,e98842ee,Thomas Deitel,2026-05-01,18:45:44,-07:00,2026-05-01T18:45:44-07:00,2,12
projects/projects.js,89,js,e98842ee,Thomas Deitel,2026-05-01,18:45:44,-07:00,2026-05-01T18:45:44-07:00,2,36
projects/projects.js,90,js,e98842ee,Thomas Deitel,2026-05-01,18:45:44,-07:00,2026-05-01T18:45:44-07:00,2,24
projects/projects.js,91,js,e98842ee,Thomas Deitel,2026-05-01,18:45:44,-07:00,2026-05-01T18:45:44-07:00,1,0
projects/projects.js,92,js,e98842ee,Thomas Deitel,2026-05-01,18:45:44,-07:00,2026-05-01T18:45:44-07:00,0,0
projects/projects.js,93,js,e98842ee,Thomas Deitel,2026-05-01,18:45:44,-07:00,2026-05-01T18:45:44-07:00,1,21
projects/projects.js,94,js,e98842ee,Thomas Deitel,2026-05-01,18:45:44,-07:00,2026-05-01T18:45:44-07:00,2,79
projects/projects.js,95,js,e98842ee,Thomas Deitel,2026-05-01,18:45:44,-07:00,2026-05-01T18:45:44-07:00,2,65
projects/projects.js,96,js,e98842ee,Thomas Deitel,2026-05-01,18:45:44,-07:00,2026-05-01T18:45:44-07:00,0,0
projects/projects.js,97,js,e98842ee,Thomas Deitel,2026-05-01,18:45:44,-07:00,2026-05-01T18:45:44-07:00,1,52
projects/projects.js,98,js,e98842ee,Thomas Deitel,2026-05-01,18:45:44,-07:00,2026-05-01T18:45:44-07:00,1,35
projects/projects.js,99,js,e98842ee,Thomas Deitel,2026-05-01,18:45:44,-07:00,2026-05-01T18:45:44-07:00,0,0
projects/projects.js,100,js,e98842ee,Thomas Deitel,2026-05-01,18:45:44,-07:00,2026-05-01T18:45:44-07:00,1,29
projects/projects.js,101,js,e98842ee,Thomas Deitel,2026-05-01,18:45:44,-07:00,2026-05-01T18:45:44-07:00,1,30
projects/projects.js,102,js,e98842ee,Thomas Deitel,2026-05-01,18:45:44,-07:00,2026-05-01T18:45:44-07:00,0,0
projects/projects.js,103,js,e98842ee,Thomas Deitel,2026-05-01,18:45:44,-07:00,2026-05-01T18:45:44-07:00,1,22
projects/projects.js,104,js,e98842ee,Thomas Deitel,2026-05-01,18:45:44,-07:00,2026-05-01T18:45:44-07:00,2,5
projects/projects.js,105,js,e98842ee,Thomas Deitel,2026-05-01,18:45:44,-07:00,2026-05-01T18:45:44-07:00,1,0
projects/projects.js,106,js,e98842ee,Thomas Deitel,2026-05-01,18:45:44,-07:00,2026-05-01T18:45:44-07:00,0,0
projects/projects.js,107,js,e98842ee,Thomas Deitel,2026-05-01,18:45:44,-07:00,2026-05-01T18:45:44-07:00,1,1
projects/projects.js,108,js,e98842ee,Thomas Deitel,2026-05-01,18:45:44,-07:00,2026-05-01T18:45:44-07:00,2,16
projects/projects.js,109,js,e98842ee,Thomas Deitel,2026-05-01,18:45:44,-07:00,2026-05-01T18:45:44-07:00,2,12
projects/projects.js,110,js,e98842ee,Thomas Deitel,2026-05-01,18:45:44,-07:00,2026-05-01T18:45:44-07:00,2,11
projects/projects.js,111,js,e98842ee,Thomas Deitel,2026-05-01,18:45:44,-07:00,2026-05-01T18:45:44-07:00,2,22
projects/projects.js,112,js,e98842ee,Thomas Deitel,2026-05-01,18:45:44,-07:00,2026-05-01T18:45:44-07:00,2,40
projects/projects.js,113,js,e98842ee,Thomas Deitel,2026-05-01,18:45:44,-07:00,2026-05-01T18:45:44-07:00,2,44
projects/projects.js,114,js,e98842ee,Thomas Deitel,2026-05-01,18:45:44,-07:00,2026-05-01T18:45:44-07:00,2,18
projects/projects.js,115,js,e98842ee,Thomas Deitel,2026-05-01,18:45:44,-07:00,2026-05-01T18:45:44-07:00,2,21
projects/projects.js,116,js,e98842ee,Thomas Deitel,2026-05-01,18:45:44,-07:00,2026-05-01T18:45:44-07:00,2,100
projects/projects.js,117,js,e98842ee,Thomas Deitel,2026-05-01,18:45:44,-07:00,2026-05-01T18:45:44-07:00,2,46
projects/projects.js,118,js,e98842ee,Thomas Deitel,2026-05-01,18:45:44,-07:00,2026-05-01T18:45:44-07:00,2,67
projects/projects.js,119,js,e98842ee,Thomas Deitel,2026-05-01,18:45:44,-07:00,2026-05-01T18:45:44-07:00,0,0
projects/projects.js,120,js,e98842ee,Thomas Deitel,2026-05-01,18:45:44,-07:00,2026-05-01T18:45:44-07:00,1,24
projects/projects.js,121,js,e98842ee,Thomas Deitel,2026-05-01,18:45:44,-07:00,2026-05-01T18:45:44-07:00,2,14
projects/projects.js,122,js,e98842ee,Thomas Deitel,2026-05-01,18:45:44,-07:00,2026-05-01T18:45:44-07:00,2,9
projects/projects.js,123,js,e98842ee,Thomas Deitel,2026-05-01,18:45:44,-07:00,2026-05-01T18:45:44-07:00,2,9
projects/projects.js,124,js,e98842ee,Thomas Deitel,2026-05-01,18:45:44,-07:00,2026-05-01T18:45:44-07:00,2,55
projects/projects.js,125,js,e98842ee,Thomas Deitel,2026-05-01,18:45:44,-07:00,2026-05-01T18:45:44-07:00,2,18
projects/projects.js,126,js,e98842ee,Thomas Deitel,2026-05-01,18:45:44,-07:00,2026-05-01T18:45:44-07:00,2,21
projects/projects.js,127,js,e98842ee,Thomas Deitel,2026-05-01,18:45:44,-07:00,2026-05-01T18:45:44-07:00,2,59
projects/projects.js,128,js,e98842ee,Thomas Deitel,2026-05-01,18:45:44,-07:00,2026-05-01T18:45:44-07:00,2,41
projects/projects.js,129,js,e98842ee,Thomas Deitel,2026-05-01,18:45:44,-07:00,2026-05-01T18:45:44-07:00,2,62
projects/projects.js,130,js,e98842ee,Thomas Deitel,2026-05-01,18:45:44,-07:00,2026-05-01T18:45:44-07:00,0,0
projects/projects.js,131,js,e98842ee,Thomas Deitel,2026-05-01,18:45:44,-07:00,2026-05-01T18:45:44-07:00,1,77
projects/projects.js,132,js,e98842ee,Thomas Deitel,2026-05-01,18:45:44,-07:00,2026-05-01T18:45:44-07:00,1,46
projects/projects.js,133,js,e98842ee,Thomas Deitel,2026-05-01,18:45:44,-07:00,2026-05-01T18:45:44-07:00,1,51
projects/projects.js,134,js,e98842ee,Thomas Deitel,2026-05-01,18:45:44,-07:00,2026-05-01T18:45:44-07:00,0,0
projects/projects.js,135,js,e98842ee,Thomas Deitel,2026-05-01,18:45:44,-07:00,2026-05-01T18:45:44-07:00,1,22
projects/projects.js,136,js,e98842ee,Thomas Deitel,2026-05-01,18:45:44,-07:00,2026-05-01T18:45:44-07:00,0,0
projects/projects.js,137,js,e98842ee,Thomas Deitel,2026-05-01,18:45:44,-07:00,2026-05-01T18:45:44-07:00,0,0
projects/projects.js,138,js,e98842ee,Thomas Deitel,2026-05-01,18:45:44,-07:00,2026-05-01T18:45:44-07:00,0,49
projects/projects.js,139,js,e98842ee,Thomas Deitel,2026-05-01,18:45:44,-07:00,2026-05-01T18:45:44-07:00,1,25
projects/projects.js,140,js,e98842ee,Thomas Deitel,2026-05-01,18:45:44,-07:00,2026-05-01T18:45:44-07:00,1,13
projects/projects.js,141,js,e98842ee,Thomas Deitel,2026-05-01,18:45:44,-07:00,2026-05-01T18:45:44-07:00,0,1
projects/projects.js,142,js,e98842ee,Thomas Deitel,2026-05-01,18:45:44,-07:00,2026-05-01T18:45:44-07:00,0,0
projects/projects.js,143,js,f66ca596,Thomas Deitel,2026-04-24,17:58:52,-07:00,2026-04-24T17:58:52-07:00,0,22
projects/projects.js,144,js,e98842ee,Thomas Deitel,2026-05-01,18:45:44,-07:00,2026-05-01T18:45:44-07:00,1,13
projects/projects.js,145,js,f66ca596,Thomas Deitel,2026-04-24,17:58:52,-07:00,2026-04-24T17:58:52-07:00,0,0
projects/index.html,1,html,51089c59,Thomas Deitel,2026-04-03,16:07:20,-07:00,2026-04-03T16:07:20-07:00,0,13
projects/index.html,2,html,51089c59,Thomas Deitel,2026-04-03,16:07:20,-07:00,2026-04-03T16:07:20-07:00,0,14
projects/index.html,3,html,51089c59,Thomas Deitel,2026-04-03,16:07:20,-07:00,2026-04-03T16:07:20-07:00,0,4
projects/index.html,4,html,51089c59,Thomas Deitel,2026-04-03,16:07:20,-07:00,2026-04-03T16:07:20-07:00,1,20
projects/index.html,5,html,51089c59,Thomas Deitel,2026-04-03,16:07:20,-07:00,2026-04-03T16:07:20-07:00,1,68
projects/index.html,6,html,51089c59,Thomas Deitel,2026-04-03,16:07:20,-07:00,2026-04-03T16:07:20-07:00,1,36
projects/index.html,7,html,51089c59,Thomas Deitel,2026-04-03,16:07:20,-07:00,2026-04-03T16:07:20-07:00,1,41
projects/index.html,8,html,f66ca596,Thomas Deitel,2026-04-24,17:58:52,-07:00,2026-04-24T17:58:52-07:00,1,53
projects/index.html,9,html,51089c59,Thomas Deitel,2026-04-03,16:07:20,-07:00,2026-04-03T16:07:20-07:00,0,5
projects/index.html,10,html,51089c59,Thomas Deitel,2026-04-03,16:07:20,-07:00,2026-04-03T16:07:20-07:00,0,4
projects/index.html,11,html,f66ca596,Thomas Deitel,2026-04-24,17:58:52,-07:00,2026-04-24T17:58:52-07:00,1,4
projects/index.html,12,html,f66ca596,Thomas Deitel,2026-04-24,17:58:52,-07:00,2026-04-24T17:58:52-07:00,2,42
projects/index.html,13,html,f66ca596,Thomas Deitel,2026-04-24,17:58:52,-07:00,2026-04-24T17:58:52-07:00,3,60
projects/index.html,14,html,f66ca596,Thomas Deitel,2026-04-24,17:58:52,-07:00,2026-04-24T17:58:52-07:00,3,148
projects/index.html,15,html,e98842ee,Thomas Deitel,2026-05-01,18:45:44,-07:00,2026-05-01T18:45:44-07:00,3,61
projects/index.html,16,html,e98842ee,Thomas Deitel,2026-05-01,18:45:44,-07:00,2026-05-01T18:45:44-07:00,4,112
projects/index.html,17,html,e98842ee,Thomas Deitel,2026-05-01,18:45:44,-07:00,2026-05-01T18:45:44-07:00,4,56
projects/index.html,18,html,e98842ee,Thomas Deitel,2026-05-01,18:45:44,-07:00,2026-05-01T18:45:44-07:00,3,4
projects/index.html,19,html,e98842ee,Thomas Deitel,2026-05-01,18:45:44,-07:00,2026-05-01T18:45:44-07:00,3,4
projects/index.html,20,html,e98842ee,Thomas Deitel,2026-05-01,18:45:44,-07:00,2026-05-01T18:45:44-07:00,4,15
projects/index.html,21,html,e98842ee,Thomas Deitel,2026-05-01,18:45:44,-07:00,2026-05-01T18:45:44-07:00,4,11
projects/index.html,22,html,e98842ee,Thomas Deitel,2026-05-01,18:45:44,-07:00,2026-05-01T18:45:44-07:00,4,26
projects/index.html,23,html,e98842ee,Thomas Deitel,2026-05-01,18:45:44,-07:00,2026-05-01T18:45:44-07:00,4,30
projects/index.html,24,html,e98842ee,Thomas Deitel,2026-05-01,18:45:44,-07:00,2026-05-01T18:45:44-07:00,3,0
projects/index.html,25,html,f66ca596,Thomas Deitel,2026-04-24,17:58:52,-07:00,2026-04-24T17:58:52-07:00,3,26
projects/index.html,26,html,f66ca596,Thomas Deitel,2026-04-24,17:58:52,-07:00,2026-04-24T17:58:52-07:00,2,8
projects/index.html,27,html,f66ca596,Thomas Deitel,2026-04-24,17:58:52,-07:00,2026-04-24T17:58:52-07:00,1,5
projects/index.html,28,html,51089c59,Thomas Deitel,2026-04-03,16:07:20,-07:00,2026-04-03T16:07:20-07:00,0,5
projects/index.html,29,html,51089c59,Thomas Deitel,2026-04-03,16:07:20,-07:00,2026-04-03T16:07:20-07:00,0,5
projects/grocerydb-expository/index.html,1,html,2bad54e6,Thomas Deitel,2026-04-17,14:41:47,-07:00,2026-04-17T14:41:47-07:00,0,13
projects/grocerydb-expository/index.html,2,html,2bad54e6,Thomas Deitel,2026-04-17,14:41:47,-07:00,2026-04-17T14:41:47-07:00,0,14
projects/grocerydb-expository/index.html,3,html,2bad54e6,Thomas Deitel,2026-04-17,14:41:47,-07:00,2026-04-17T14:41:47-07:00,0,4
projects/grocerydb-expository/index.html,4,html,2bad54e6,Thomas Deitel,2026-04-17,14:41:47,-07:00,2026-04-17T14:41:47-07:00,1,20
projects/grocerydb-expository/index.html,5,html,2bad54e6,Thomas Deitel,2026-04-17,14:41:47,-07:00,2026-04-17T14:41:47-07:00,1,68
projects/grocerydb-expository/index.html,6,html,2bad54e6,Thomas Deitel,2026-04-17,14:41:47,-07:00,2026-04-17T14:41:47-07:00,1,47
projects/grocerydb-expository/index.html,7,html,2bad54e6,Thomas Deitel,2026-04-17,14:41:47,-07:00,2026-04-17T14:41:47-07:00,1,44
projects/grocerydb-expository/index.html,8,html,2bad54e6,Thomas Deitel,2026-04-17,14:41:47,-07:00,2026-04-17T14:41:47-07:00,1,51
projects/grocerydb-expository/index.html,9,html,2bad54e6,Thomas Deitel,2026-04-17,14:41:47,-07:00,2026-04-17T14:41:47-07:00,0,5
projects/grocerydb-expository/index.html,10,html,2bad54e6,Thomas Deitel,2026-04-17,14:41:47,-07:00,2026-04-17T14:41:47-07:00,0,4
projects/grocerydb-expository/index.html,11,html,2bad54e6,Thomas Deitel,2026-04-17,14:41:47,-07:00,2026-04-17T14:41:47-07:00,1,4
projects/grocerydb-expository/index.html,12,html,2bad54e6,Thomas Deitel,2026-04-17,14:41:47,-07:00,2026-04-17T14:41:47-07:00,2,7
projects/grocerydb-expository/index.html,13,html,2bad54e6,Thomas Deitel,2026-04-17,14:41:47,-07:00,2026-04-17T14:41:47-07:00,3,96
projects/grocerydb-expository/index.html,14,html,2bad54e6,Thomas Deitel,2026-04-17,14:41:47,-07:00,2026-04-17T14:41:47-07:00,3,158
projects/grocerydb-expository/index.html,15,html,2bad54e6,Thomas Deitel,2026-04-17,14:41:47,-07:00,2026-04-17T14:41:47-07:00,3,25
projects/grocerydb-expository/index.html,16,html,2bad54e6,Thomas Deitel,2026-04-17,14:41:47,-07:00,2026-04-17T14:41:47-07:00,4,91
projects/grocerydb-expository/index.html,17,html,2bad54e6,Thomas Deitel,2026-04-17,14:41:47,-07:00,2026-04-17T14:41:47-07:00,3,2
projects/grocerydb-expository/index.html,18,html,2bad54e6,Thomas Deitel,2026-04-17,14:41:47,-07:00,2026-04-17T14:41:47-07:00,3,29
projects/grocerydb-expository/index.html,19,html,2bad54e6,Thomas Deitel,2026-04-17,14:41:47,-07:00,2026-04-17T14:41:47-07:00,4,191
projects/grocerydb-expository/index.html,20,html,2bad54e6,Thomas Deitel,2026-04-17,14:41:47,-07:00,2026-04-17T14:41:47-07:00,4,178
projects/grocerydb-expository/index.html,21,html,2bad54e6,Thomas Deitel,2026-04-17,14:41:47,-07:00,2026-04-17T14:41:47-07:00,3,7
projects/grocerydb-expository/index.html,22,html,2bad54e6,Thomas Deitel,2026-04-17,14:41:47,-07:00,2026-04-17T14:41:47-07:00,2,8
projects/grocerydb-expository/index.html,23,html,2bad54e6,Thomas Deitel,2026-04-17,14:41:47,-07:00,2026-04-17T14:41:47-07:00,0,0
projects/grocerydb-expository/index.html,24,html,2bad54e6,Thomas Deitel,2026-04-17,14:41:47,-07:00,2026-04-17T14:41:47-07:00,2,7
projects/grocerydb-expository/index.html,25,html,2bad54e6,Thomas Deitel,2026-04-17,14:41:47,-07:00,2026-04-17T14:41:47-07:00,3,15
projects/grocerydb-expository/index.html,26,html,2bad54e6,Thomas Deitel,2026-04-17,14:41:47,-07:00,2026-04-17T14:41:47-07:00,3,548
projects/grocerydb-expository/index.html,27,html,2bad54e6,Thomas Deitel,2026-04-17,14:41:47,-07:00,2026-04-17T14:41:47-07:00,3,588
projects/grocerydb-expository/index.html,28,html,2bad54e6,Thomas Deitel,2026-04-17,14:41:47,-07:00,2026-04-17T14:41:47-07:00,3,643
projects/grocerydb-expository/index.html,29,html,2bad54e6,Thomas Deitel,2026-04-17,14:41:47,-07:00,2026-04-17T14:41:47-07:00,3,525
projects/grocerydb-expository/index.html,30,html,2bad54e6,Thomas Deitel,2026-04-17,14:41:47,-07:00,2026-04-17T14:41:47-07:00,2,8
projects/grocerydb-expository/index.html,31,html,2bad54e6,Thomas Deitel,2026-04-17,14:41:47,-07:00,2026-04-17T14:41:47-07:00,1,5
projects/grocerydb-expository/index.html,32,html,2bad54e6,Thomas Deitel,2026-04-17,14:41:47,-07:00,2026-04-17T14:41:47-07:00,0,5
projects/grocerydb-expository/index.html,33,html,2bad54e6,Thomas Deitel,2026-04-17,14:41:47,-07:00,2026-04-17T14:41:47-07:00,0,5
meta/main.js,1,js,e621152c,Thomas Deitel,2026-05-08,13:23:04,-07:00,2026-05-08T13:23:04-07:00,0,63
meta/main.js,2,js,e621152c,Thomas Deitel,2026-05-08,13:23:04,-07:00,2026-05-08T13:23:04-07:00,0,0
meta/main.js,3,js,e621152c,Thomas Deitel,2026-05-08,13:23:04,-07:00,2026-05-08T13:23:04-07:00,0,65
meta/main.js,4,js,e621152c,Thomas Deitel,2026-05-08,13:23:04,-07:00,2026-05-08T13:23:04-07:00,0,0
meta/main.js,5,js,e621152c,Thomas Deitel,2026-05-08,13:23:04,-07:00,2026-05-08T13:23:04-07:00,0,15
meta/main.js,6,js,e621152c,Thomas Deitel,2026-05-08,13:23:04,-07:00,2026-05-08T13:23:04-07:00,0,9
meta/main.js,7,js,e621152c,Thomas Deitel,2026-05-08,13:23:04,-07:00,2026-05-08T13:23:04-07:00,0,9
meta/main.js,8,js,e621152c,Thomas Deitel,2026-05-08,13:23:04,-07:00,2026-05-08T13:23:04-07:00,0,0
meta/main.js,9,js,e621152c,Thomas Deitel,2026-05-08,13:23:04,-07:00,2026-05-08T13:23:04-07:00,0,25
meta/main.js,10,js,e621152c,Thomas Deitel,2026-05-08,13:23:04,-07:00,2026-05-08T13:23:04-07:00,1,34
meta/main.js,11,js,e621152c,Thomas Deitel,2026-05-08,13:23:04,-07:00,2026-05-08T13:23:04-07:00,2,5
meta/main.js,12,js,e621152c,Thomas Deitel,2026-05-08,13:23:04,-07:00,2026-05-08T13:23:04-07:00,2,21
meta/main.js,13,js,e621152c,Thomas Deitel,2026-05-08,13:23:04,-07:00,2026-05-08T13:23:04-07:00,2,23
meta/main.js,14,js,e621152c,Thomas Deitel,2026-05-08,13:23:04,-07:00,2026-05-08T13:23:04-07:00,2,25
meta/main.js,15,js,e621152c,Thomas Deitel,2026-05-08,13:23:04,-07:00,2026-05-08T13:23:04-07:00,2,49
meta/main.js,16,js,e621152c,Thomas Deitel,2026-05-08,13:23:04,-07:00,2026-05-08T13:23:04-07:00,2,31
meta/main.js,17,js,e621152c,Thomas Deitel,2026-05-08,13:23:04,-07:00,2026-05-08T13:23:04-07:00,1,2
meta/main.js,18,js,e621152c,Thomas Deitel,2026-05-08,13:23:04,-07:00,2026-05-08T13:23:04-07:00,0,0
meta/main.js,19,js,e621152c,Thomas Deitel,2026-05-08,13:23:04,-07:00,2026-05-08T13:23:04-07:00,0,0
meta/main.js,20,js,e621152c,Thomas Deitel,2026-05-08,13:23:04,-07:00,2026-05-08T13:23:04-07:00,0,29
meta/main.js,21,js,e621152c,Thomas Deitel,2026-05-08,13:23:04,-07:00,2026-05-08T13:23:04-07:00,1,7
meta/main.js,22,js,e621152c,Thomas Deitel,2026-05-08,13:23:04,-07:00,2026-05-08T13:23:04-07:00,2,28
meta/main.js,23,js,e621152c,Thomas Deitel,2026-05-08,13:23:04,-07:00,2026-05-08T13:23:04-07:00,2,25
meta/main.js,24,js,e621152c,Thomas Deitel,2026-05-08,13:23:04,-07:00,2026-05-08T13:23:04-07:00,3,21
meta/main.js,25,js,e621152c,Thomas Deitel,2026-05-08,13:23:04,-07:00,2026-05-08T13:23:04-07:00,3,55
meta/main.js,26,js,e621152c,Thomas Deitel,2026-05-08,13:23:04,-07:00,2026-05-08T13:23:04-07:00,3,11
meta/main.js,27,js,e621152c,Thomas Deitel,2026-05-08,13:23:04,-07:00,2026-05-08T13:23:04-07:00,4,9
meta/main.js,28,js,e621152c,Thomas Deitel,2026-05-08,13:23:04,-07:00,2026-05-08T13:23:04-07:00,4,40
meta/main.js,29,js,e621152c,Thomas Deitel,2026-05-08,13:23:04,-07:00,2026-05-08T13:23:04-07:00,4,5
meta/main.js,30,js,e621152c,Thomas Deitel,2026-05-08,13:23:04,-07:00,2026-05-08T13:23:04-07:00,4,3
meta/main.js,31,js,e621152c,Thomas Deitel,2026-05-08,13:23:04,-07:00,2026-05-08T13:23:04-07:00,4,3
meta/main.js,32,js,e621152c,Thomas Deitel,2026-05-08,13:23:04,-07:00,2026-05-08T13:23:04-07:00,4,7
meta/main.js,33,js,e621152c,Thomas Deitel,2026-05-08,13:23:04,-07:00,2026-05-08T13:23:04-07:00,4,7
meta/main.js,34,js,e621152c,Thomas Deitel,2026-05-08,13:23:04,-07:00,2026-05-08T13:23:04-07:00,4,57
meta/main.js,35,js,e621152c,Thomas Deitel,2026-05-08,13:23:04,-07:00,2026-05-08T13:23:04-07:00,4,23
meta/main.js,36,js,e621152c,Thomas Deitel,2026-05-08,13:23:04,-07:00,2026-05-08T13:23:04-07:00,3,0
meta/main.js,37,js,e621152c,Thomas Deitel,2026-05-08,13:23:04,-07:00,2026-05-08T13:23:04-07:00,0,0
meta/main.js,38,js,e621152c,Thomas Deitel,2026-05-08,13:23:04,-07:00,2026-05-08T13:23:04-07:00,3,35
meta/main.js,39,js,e621152c,Thomas Deitel,2026-05-08,13:23:04,-07:00,2026-05-08T13:23:04-07:00,4,11
meta/main.js,40,js,e621152c,Thomas Deitel,2026-05-08,13:23:04,-07:00,2026-05-08T13:23:04-07:00,4,17
meta/main.js,41,js,e621152c,Thomas Deitel,2026-05-08,13:23:04,-07:00,2026-05-08T13:23:04-07:00,4,13
meta/main.js,42,js,e621152c,Thomas Deitel,2026-05-08,13:23:04,-07:00,2026-05-08T13:23:04-07:00,4,16
meta/main.js,43,js,e621152c,Thomas Deitel,2026-05-08,13:23:04,-07:00,2026-05-08T13:23:04-07:00,3,1
meta/main.js,44,js,e621152c,Thomas Deitel,2026-05-08,13:23:04,-07:00,2026-05-08T13:23:04-07:00,0,0
meta/main.js,45,js,e621152c,Thomas Deitel,2026-05-08,13:23:04,-07:00,2026-05-08T13:23:04-07:00,3,9
meta/main.js,46,js,e621152c,Thomas Deitel,2026-05-08,13:23:04,-07:00,2026-05-08T13:23:04-07:00,2,1
meta/main.js,47,js,e621152c,Thomas Deitel,2026-05-08,13:23:04,-07:00,2026-05-08T13:23:04-07:00,0,0
meta/main.js,48,js,e621152c,Thomas Deitel,2026-05-08,13:23:04,-07:00,2026-05-08T13:23:04-07:00,0,0
meta/main.js,49,js,e621152c,Thomas Deitel,2026-05-08,13:23:04,-07:00,2026-05-08T13:23:04-07:00,0,40
meta/main.js,50,js,e621152c,Thomas Deitel,2026-05-08,13:23:04,-07:00,2026-05-08T13:23:04-07:00,1,38
meta/main.js,51,js,e621152c,Thomas Deitel,2026-05-08,13:23:04,-07:00,2026-05-08T13:23:04-07:00,0,0
meta/main.js,52,js,e621152c,Thomas Deitel,2026-05-08,13:23:04,-07:00,2026-05-08T13:23:04-07:00,0,0
meta/main.js,53,js,e621152c,Thomas Deitel,2026-05-08,13:23:04,-07:00,2026-05-08T13:23:04-07:00,0,37
meta/main.js,54,js,e621152c,Thomas Deitel,2026-05-08,13:23:04,-07:00,2026-05-08T13:23:04-07:00,1,26
meta/main.js,55,js,e621152c,Thomas Deitel,2026-05-08,13:23:04,-07:00,2026-05-08T13:23:04-07:00,1,26
meta/main.js,56,js,e621152c,Thomas Deitel,2026-05-08,13:23:04,-07:00,2026-05-08T13:23:04-07:00,0,0
meta/main.js,57,js,e621152c,Thomas Deitel,2026-05-08,13:23:04,-07:00,2026-05-08T13:23:04-07:00,0,0
meta/main.js,58,js,e621152c,Thomas Deitel,2026-05-08,13:23:04,-07:00,2026-05-08T13:23:04-07:00,0,43
meta/main.js,59,js,e621152c,Thomas Deitel,2026-05-08,13:23:04,-07:00,2026-05-08T13:23:04-07:00,1,32
meta/main.js,60,js,e621152c,Thomas Deitel,2026-05-08,13:23:04,-07:00,2026-05-08T13:23:04-07:00,1,28
meta/main.js,61,js,e621152c,Thomas Deitel,2026-05-08,13:23:04,-07:00,2026-05-08T13:23:04-07:00,0,0
meta/main.js,62,js,e621152c,Thomas Deitel,2026-05-08,13:23:04,-07:00,2026-05-08T13:23:04-07:00,1,29
meta/main.js,63,js,e621152c,Thomas Deitel,2026-05-08,13:23:04,-07:00,2026-05-08T13:23:04-07:00,2,3
meta/main.js,64,js,e621152c,Thomas Deitel,2026-05-08,13:23:04,-07:00,2026-05-08T13:23:04-07:00,2,44
meta/main.js,65,js,e621152c,Thomas Deitel,2026-05-08,13:23:04,-07:00,2026-05-08T13:23:04-07:00,2,18
meta/main.js,66,js,e621152c,Thomas Deitel,2026-05-08,13:23:04,-07:00,2026-05-08T13:23:04-07:00,1,0
meta/main.js,67,js,e621152c,Thomas Deitel,2026-05-08,13:23:04,-07:00,2026-05-08T13:23:04-07:00,1,62
meta/main.js,68,js,e621152c,Thomas Deitel,2026-05-08,13:23:04,-07:00,2026-05-08T13:23:04-07:00,1,27
meta/main.js,69,js,e621152c,Thomas Deitel,2026-05-08,13:23:04,-07:00,2026-05-08T13:23:04-07:00,2,9
meta/main.js,70,js,e621152c,Thomas Deitel,2026-05-08,13:23:04,-07:00,2026-05-08T13:23:04-07:00,2,52
meta/main.js,71,js,e621152c,Thomas Deitel,2026-05-08,13:23:04,-07:00,2026-05-08T13:23:04-07:00,2,68
meta/main.js,72,js,e621152c,Thomas Deitel,2026-05-08,13:23:04,-07:00,2026-05-08T13:23:04-07:00,1,0
meta/main.js,73,js,e621152c,Thomas Deitel,2026-05-08,13:23:04,-07:00,2026-05-08T13:23:04-07:00,1,57
meta/main.js,74,js,e621152c,Thomas Deitel,2026-05-08,13:23:04,-07:00,2026-05-08T13:23:04-07:00,1,30
meta/main.js,75,js,e621152c,Thomas Deitel,2026-05-08,13:23:04,-07:00,2026-05-08T13:23:04-07:00,2,9
meta/main.js,76,js,e621152c,Thomas Deitel,2026-05-08,13:23:04,-07:00,2026-05-08T13:23:04-07:00,2,52
meta/main.js,77,js,e621152c,Thomas Deitel,2026-05-08,13:23:04,-07:00,2026-05-08T13:23:04-07:00,2,71
meta/main.js,78,js,e621152c,Thomas Deitel,2026-05-08,13:23:04,-07:00,2026-05-08T13:23:04-07:00,1,0
meta/main.js,79,js,e621152c,Thomas Deitel,2026-05-08,13:23:04,-07:00,2026-05-08T13:23:04-07:00,1,69
meta/main.js,80,js,e621152c,Thomas Deitel,2026-05-08,13:23:04,-07:00,2026-05-08T13:23:04-07:00,0,0
meta/main.js,81,js,e621152c,Thomas Deitel,2026-05-08,13:23:04,-07:00,2026-05-08T13:23:04-07:00,1,51
meta/main.js,82,js,e621152c,Thomas Deitel,2026-05-08,13:23:04,-07:00,2026-05-08T13:23:04-07:00,1,88
meta/main.js,83,js,e621152c,Thomas Deitel,2026-05-08,13:23:04,-07:00,2026-05-08T13:23:04-07:00,1,63
meta/main.js,84,js,e621152c,Thomas Deitel,2026-05-08,13:23:04,-07:00,2026-05-08T13:23:04-07:00,1,72
meta/main.js,85,js,e621152c,Thomas Deitel,2026-05-08,13:23:04,-07:00,2026-05-08T13:23:04-07:00,1,96
meta/main.js,86,js,e621152c,Thomas Deitel,2026-05-08,13:23:04,-07:00,2026-05-08T13:23:04-07:00,1,74
meta/main.js,87,js,e621152c,Thomas Deitel,2026-05-08,13:23:04,-07:00,2026-05-08T13:23:04-07:00,1,108
meta/main.js,88,js,e621152c,Thomas Deitel,2026-05-08,13:23:04,-07:00,2026-05-08T13:23:04-07:00,1,105
meta/main.js,89,js,e621152c,Thomas Deitel,2026-05-08,13:23:04,-07:00,2026-05-08T13:23:04-07:00,1,109
meta/main.js,90,js,e621152c,Thomas Deitel,2026-05-08,13:23:04,-07:00,2026-05-08T13:23:04-07:00,1,118
meta/main.js,91,js,e621152c,Thomas Deitel,2026-05-08,13:23:04,-07:00,2026-05-08T13:23:04-07:00,0,0
meta/main.js,92,js,e621152c,Thomas Deitel,2026-05-08,13:23:04,-07:00,2026-05-08T13:23:04-07:00,0,0
meta/main.js,93,js,e621152c,Thomas Deitel,2026-05-08,13:23:04,-07:00,2026-05-08T13:23:04-07:00,0,37
meta/main.js,94,js,e621152c,Thomas Deitel,2026-05-08,13:23:04,-07:00,2026-05-08T13:23:04-07:00,1,48
meta/main.js,95,js,e621152c,Thomas Deitel,2026-05-08,13:23:04,-07:00,2026-05-08T13:23:04-07:00,2,5
meta/main.js,96,js,e621152c,Thomas Deitel,2026-05-08,13:23:04,-07:00,2026-05-08T13:23:04-07:00,1,0
meta/main.js,97,js,e621152c,Thomas Deitel,2026-05-08,13:23:04,-07:00,2026-05-08T13:23:04-07:00,0,0
meta/main.js,98,js,e621152c,Thomas Deitel,2026-05-08,13:23:04,-07:00,2026-05-08T13:23:04-07:00,1,55
meta/main.js,99,js,e621152c,Thomas Deitel,2026-05-08,13:23:04,-07:00,2026-05-08T13:23:04-07:00,1,61
meta/main.js,100,js,e621152c,Thomas Deitel,2026-05-08,13:23:04,-07:00,2026-05-08T13:23:04-07:00,1,89
meta/main.js,101,js,e621152c,Thomas Deitel,2026-05-08,13:23:04,-07:00,2026-05-08T13:23:04-07:00,2,16
meta/main.js,102,js,e621152c,Thomas Deitel,2026-05-08,13:23:04,-07:00,2026-05-08T13:23:04-07:00,1,1
meta/main.js,103,js,e621152c,Thomas Deitel,2026-05-08,13:23:04,-07:00,2026-05-08T13:23:04-07:00,1,89
meta/main.js,104,js,e621152c,Thomas Deitel,2026-05-08,13:23:04,-07:00,2026-05-08T13:23:04-07:00,2,17
meta/main.js,105,js,e621152c,Thomas Deitel,2026-05-08,13:23:04,-07:00,2026-05-08T13:23:04-07:00,1,1
meta/main.js,106,js,e621152c,Thomas Deitel,2026-05-08,13:23:04,-07:00,2026-05-08T13:23:04-07:00,1,67
meta/main.js,107,js,e621152c,Thomas Deitel,2026-05-08,13:23:04,-07:00,2026-05-08T13:23:04-07:00,1,86
meta/main.js,108,js,e621152c,Thomas Deitel,2026-05-08,13:23:04,-07:00,2026-05-08T13:23:04-07:00,0,0
meta/main.js,109,js,e621152c,Thomas Deitel,2026-05-08,13:23:04,-07:00,2026-05-08T13:23:04-07:00,0,0
meta/main.js,110,js,e621152c,Thomas Deitel,2026-05-08,13:23:04,-07:00,2026-05-08T13:23:04-07:00,0,43
meta/main.js,111,js,e621152c,Thomas Deitel,2026-05-08,13:23:04,-07:00,2026-05-08T13:23:04-07:00,1,60
meta/main.js,112,js,e621152c,Thomas Deitel,2026-05-08,13:23:04,-07:00,2026-05-08T13:23:04-07:00,0,0
meta/main.js,113,js,e621152c,Thomas Deitel,2026-05-08,13:23:04,-07:00,2026-05-08T13:23:04-07:00,0,0
meta/main.js,114,js,e621152c,Thomas Deitel,2026-05-08,13:23:04,-07:00,2026-05-08T13:23:04-07:00,0,37
meta/main.js,115,js,e621152c,Thomas Deitel,2026-05-08,13:23:04,-07:00,2026-05-08T13:23:04-07:00,1,56
meta/main.js,116,js,e621152c,Thomas Deitel,2026-05-08,13:23:04,-07:00,2026-05-08T13:23:04-07:00,1,16
meta/main.js,117,js,e621152c,Thomas Deitel,2026-05-08,13:23:04,-07:00,2026-05-08T13:23:04-07:00,1,49
meta/main.js,118,js,e621152c,Thomas Deitel,2026-05-08,13:23:04,-07:00,2026-05-08T13:23:04-07:00,1,48
meta/main.js,119,js,e621152c,Thomas Deitel,2026-05-08,13:23:04,-07:00,2026-05-08T13:23:04-07:00,0,0
meta/main.js,120,js,e621152c,Thomas Deitel,2026-05-08,13:23:04,-07:00,2026-05-08T13:23:04-07:00,0,0
meta/main.js,121,js,e621152c,Thomas Deitel,2026-05-08,13:23:04,-07:00,2026-05-08T13:23:04-07:00,0,44
meta/main.js,122,js,e621152c,Thomas Deitel,2026-05-08,13:23:04,-07:00,2026-05-08T13:23:04-07:00,1,15
meta/main.js,123,js,e621152c,Thomas Deitel,2026-05-08,13:23:04,-07:00,2026-05-08T13:23:04-07:00,2,11
meta/main.js,124,js,e621152c,Thomas Deitel,2026-05-08,13:23:04,-07:00,2026-05-08T13:23:04-07:00,1,0
meta/main.js,125,js,e621152c,Thomas Deitel,2026-05-08,13:23:04,-07:00,2026-05-08T13:23:04-07:00,0,0
meta/main.js,126,js,e621152c,Thomas Deitel,2026-05-08,13:23:04,-07:00,2026-05-08T13:23:04-07:00,1,37
meta/main.js,127,js,e621152c,Thomas Deitel,2026-05-08,13:23:04,-07:00,2026-05-08T13:23:04-07:00,1,32
meta/main.js,128,js,e621152c,Thomas Deitel,2026-05-08,13:23:04,-07:00,2026-05-08T13:23:04-07:00,1,32
meta/main.js,129,js,e621152c,Thomas Deitel,2026-05-08,13:23:04,-07:00,2026-05-08T13:23:04-07:00,0,0
meta/main.js,130,js,e621152c,Thomas Deitel,2026-05-08,13:23:04,-07:00,2026-05-08T13:23:04-07:00,1,46
meta/main.js,131,js,e621152c,Thomas Deitel,2026-05-08,13:23:04,-07:00,2026-05-08T13:23:04-07:00,0,0
meta/main.js,132,js,e621152c,Thomas Deitel,2026-05-08,13:23:04,-07:00,2026-05-08T13:23:04-07:00,0,0
meta/main.js,133,js,e621152c,Thomas Deitel,2026-05-08,13:23:04,-07:00,2026-05-08T13:23:04-07:00,0,38
meta/main.js,134,js,e621152c,Thomas Deitel,2026-05-08,13:23:04,-07:00,2026-05-08T13:23:04-07:00,1,86
meta/main.js,135,js,e621152c,Thomas Deitel,2026-05-08,13:23:04,-07:00,2026-05-08T13:23:04-07:00,0,0
meta/main.js,136,js,e621152c,Thomas Deitel,2026-05-08,13:23:04,-07:00,2026-05-08T13:23:04-07:00,0,0
meta/main.js,137,js,e621152c,Thomas Deitel,2026-05-08,13:23:04,-07:00,2026-05-08T13:23:04-07:00,0,40
meta/main.js,138,js,e621152c,Thomas Deitel,2026-05-08,13:23:04,-07:00,2026-05-08T13:23:04-07:00,1,52
meta/main.js,139,js,e621152c,Thomas Deitel,2026-05-08,13:23:04,-07:00,2026-05-08T13:23:04-07:00,1,62
meta/main.js,140,js,e621152c,Thomas Deitel,2026-05-08,13:23:04,-07:00,2026-05-08T13:23:04-07:00,1,35
meta/main.js,141,js,e621152c,Thomas Deitel,2026-05-08,13:23:04,-07:00,2026-05-08T13:23:04-07:00,1,85
meta/main.js,142,js,e621152c,Thomas Deitel,2026-05-08,13:23:04,-07:00,2026-05-08T13:23:04-07:00,1,21
meta/main.js,143,js,e621152c,Thomas Deitel,2026-05-08,13:23:04,-07:00,2026-05-08T13:23:04-07:00,0,0
meta/main.js,144,js,e621152c,Thomas Deitel,2026-05-08,13:23:04,-07:00,2026-05-08T13:23:04-07:00,0,0
meta/main.js,145,js,e621152c,Thomas Deitel,2026-05-08,13:23:04,-07:00,2026-05-08T13:23:04-07:00,0,43
meta/main.js,146,js,e621152c,Thomas Deitel,2026-05-08,13:23:04,-07:00,2026-05-08T13:23:04-07:00,1,52
meta/main.js,147,js,e621152c,Thomas Deitel,2026-05-08,13:23:04,-07:00,2026-05-08T13:23:04-07:00,1,62
meta/main.js,148,js,e621152c,Thomas Deitel,2026-05-08,13:23:04,-07:00,2026-05-08T13:23:04-07:00,0,0
meta/main.js,149,js,e621152c,Thomas Deitel,2026-05-08,13:23:04,-07:00,2026-05-08T13:23:04-07:00,1,23
meta/main.js,150,js,e621152c,Thomas Deitel,2026-05-08,13:23:04,-07:00,2026-05-08T13:23:04-07:00,0,0
meta/main.js,151,js,e621152c,Thomas Deitel,2026-05-08,13:23:04,-07:00,2026-05-08T13:23:04-07:00,1,33
meta/main.js,152,js,e621152c,Thomas Deitel,2026-05-08,13:23:04,-07:00,2026-05-08T13:23:04-07:00,2,5
meta/main.js,153,js,e621152c,Thomas Deitel,2026-05-08,13:23:04,-07:00,2026-05-08T13:23:04-07:00,1,0
meta/main.js,154,js,e621152c,Thomas Deitel,2026-05-08,13:23:04,-07:00,2026-05-08T13:23:04-07:00,0,0
meta/main.js,155,js,e621152c,Thomas Deitel,2026-05-08,13:23:04,-07:00,2026-05-08T13:23:04-07:00,1,62
meta/main.js,156,js,e621152c,Thomas Deitel,2026-05-08,13:23:04,-07:00,2026-05-08T13:23:04-07:00,1,26
meta/main.js,157,js,e621152c,Thomas Deitel,2026-05-08,13:23:04,-07:00,2026-05-08T13:23:04-07:00,2,4
meta/main.js,158,js,e621152c,Thomas Deitel,2026-05-08,13:23:04,-07:00,2026-05-08T13:23:04-07:00,2,20
meta/main.js,159,js,e621152c,Thomas Deitel,2026-05-08,13:23:04,-07:00,2026-05-08T13:23:04-07:00,2,18
meta/main.js,160,js,e621152c,Thomas Deitel,2026-05-08,13:23:04,-07:00,2026-05-08T13:23:04-07:00,1,0
meta/main.js,161,js,e621152c,Thomas Deitel,2026-05-08,13:23:04,-07:00,2026-05-08T13:23:04-07:00,0,0
meta/main.js,162,js,e621152c,Thomas Deitel,2026-05-08,13:23:04,-07:00,2026-05-08T13:23:04-07:00,1,42
meta/main.js,163,js,e621152c,Thomas Deitel,2026-05-08,13:23:04,-07:00,2026-05-08T13:23:04-07:00,2,38
meta/main.js,164,js,e621152c,Thomas Deitel,2026-05-08,13:23:04,-07:00,2026-05-08T13:23:04-07:00,2,27
meta/main.js,165,js,e621152c,Thomas Deitel,2026-05-08,13:23:04,-07:00,2026-05-08T13:23:04-07:00,3,10
meta/main.js,166,js,e621152c,Thomas Deitel,2026-05-08,13:23:04,-07:00,2026-05-08T13:23:04-07:00,3,0
meta/main.js,167,js,e621152c,Thomas Deitel,2026-05-08,13:23:04,-07:00,2026-05-08T13:23:04-07:00,4,18
meta/main.js,168,js,e621152c,Thomas Deitel,2026-05-08,13:23:04,-07:00,2026-05-08T13:23:04-07:00,4,56
meta/main.js,169,js,e621152c,Thomas Deitel,2026-05-08,13:23:04,-07:00,2026-05-08T13:23:04-07:00,3,0
meta/main.js,170,js,e621152c,Thomas Deitel,2026-05-08,13:23:04,-07:00,2026-05-08T13:23:04-07:00,2,0
meta/main.js,171,js,e621152c,Thomas Deitel,2026-05-08,13:23:04,-07:00,2026-05-08T13:23:04-07:00,1,0
meta/main.js,172,js,e621152c,Thomas Deitel,2026-05-08,13:23:04,-07:00,2026-05-08T13:23:04-07:00,0,0
meta/main.js,173,js,e621152c,Thomas Deitel,2026-05-08,13:23:04,-07:00,2026-05-08T13:23:04-07:00,0,0
meta/main.js,174,js,e621152c,Thomas Deitel,2026-05-08,13:23:04,-07:00,2026-05-08T13:23:04-07:00,0,28
meta/main.js,175,js,e621152c,Thomas Deitel,2026-05-08,13:23:04,-07:00,2026-05-08T13:23:04-07:00,1,17
meta/main.js,176,js,e621152c,Thomas Deitel,2026-05-08,13:23:04,-07:00,2026-05-08T13:23:04-07:00,1,17
meta/main.js,177,js,e621152c,Thomas Deitel,2026-05-08,13:23:04,-07:00,2026-05-08T13:23:04-07:00,1,58
meta/main.js,178,js,e621152c,Thomas Deitel,2026-05-08,13:23:04,-07:00,2026-05-08T13:23:04-07:00,1,18
meta/main.js,179,js,e621152c,Thomas Deitel,2026-05-08,13:23:04,-07:00,2026-05-08T13:23:04-07:00,2,14
meta/main.js,180,js,e621152c,Thomas Deitel,2026-05-08,13:23:04,-07:00,2026-05-08T13:23:04-07:00,2,26
meta/main.js,181,js,e621152c,Thomas Deitel,2026-05-08,13:23:04,-07:00,2026-05-08T13:23:04-07:00,2,29
meta/main.js,182,js,e621152c,Thomas Deitel,2026-05-08,13:23:04,-07:00,2026-05-08T13:23:04-07:00,2,16
meta/main.js,183,js,e621152c,Thomas Deitel,2026-05-08,13:23:04,-07:00,2026-05-08T13:23:04-07:00,2,40
meta/main.js,184,js,e621152c,Thomas Deitel,2026-05-08,13:23:04,-07:00,2026-05-08T13:23:04-07:00,2,42
meta/main.js,185,js,e621152c,Thomas Deitel,2026-05-08,13:23:04,-07:00,2026-05-08T13:23:04-07:00,1,0
meta/main.js,186,js,e621152c,Thomas Deitel,2026-05-08,13:23:04,-07:00,2026-05-08T13:23:04-07:00,0,0
meta/main.js,187,js,e621152c,Thomas Deitel,2026-05-08,13:23:04,-07:00,2026-05-08T13:23:04-07:00,1,32
meta/main.js,188,js,e621152c,Thomas Deitel,2026-05-08,13:23:04,-07:00,2026-05-08T13:23:04-07:00,1,28
meta/main.js,189,js,e621152c,Thomas Deitel,2026-05-08,13:23:04,-07:00,2026-05-08T13:23:04-07:00,0,0
meta/main.js,190,js,e621152c,Thomas Deitel,2026-05-08,13:23:04,-07:00,2026-05-08T13:23:04-07:00,1,15
meta/main.js,191,js,e621152c,Thomas Deitel,2026-05-08,13:23:04,-07:00,2026-05-08T13:23:04-07:00,2,12
meta/main.js,192,js,e621152c,Thomas Deitel,2026-05-08,13:23:04,-07:00,2026-05-08T13:23:04-07:00,2,40
meta/main.js,193,js,e621152c,Thomas Deitel,2026-05-08,13:23:04,-07:00,2026-05-08T13:23:04-07:00,2,18
meta/main.js,194,js,e621152c,Thomas Deitel,2026-05-08,13:23:04,-07:00,2026-05-08T13:23:04-07:00,2,67
meta/main.js,195,js,e621152c,Thomas Deitel,2026-05-08,13:23:04,-07:00,2026-05-08T13:23:04-07:00,2,28
meta/main.js,196,js,e621152c,Thomas Deitel,2026-05-08,13:23:04,-07:00,2026-05-08T13:23:04-07:00,0,0
meta/main.js,197,js,e621152c,Thomas Deitel,2026-05-08,13:23:04,-07:00,2026-05-08T13:23:04-07:00,1,9
meta/main.js,198,js,e621152c,Thomas Deitel,2026-05-08,13:23:04,-07:00,2026-05-08T13:23:04-07:00,2,10
meta/main.js,199,js,e621152c,Thomas Deitel,2026-05-08,13:23:04,-07:00,2026-05-08T13:23:04-07:00,2,44
meta/main.js,200,js,e621152c,Thomas Deitel,2026-05-08,13:23:04,-07:00,2026-05-08T13:23:04-07:00,2,41
meta/main.js,201,js,e621152c,Thomas Deitel,2026-05-08,13:23:04,-07:00,2026-05-08T13:23:04-07:00,2,6
meta/main.js,202,js,e621152c,Thomas Deitel,2026-05-08,13:23:04,-07:00,2026-05-08T13:23:04-07:00,0,0
meta/main.js,203,js,e621152c,Thomas Deitel,2026-05-08,13:23:04,-07:00,2026-05-08T13:23:04-07:00,1,9
meta/main.js,204,js,e621152c,Thomas Deitel,2026-05-08,13:23:04,-07:00,2026-05-08T13:23:04-07:00,2,12
meta/main.js,205,js,e621152c,Thomas Deitel,2026-05-08,13:23:04,-07:00,2026-05-08T13:23:04-07:00,2,14
meta/main.js,206,js,e621152c,Thomas Deitel,2026-05-08,13:23:04,-07:00,2026-05-08T13:23:04-07:00,2,42
meta/main.js,207,js,e621152c,Thomas Deitel,2026-05-08,13:23:04,-07:00,2026-05-08T13:23:04-07:00,0,0
meta/main.js,208,js,e621152c,Thomas Deitel,2026-05-08,13:23:04,-07:00,2026-05-08T13:23:04-07:00,1,67
meta/main.js,209,js,e621152c,Thomas Deitel,2026-05-08,13:23:04,-07:00,2026-05-08T13:23:04-07:00,1,72
meta/main.js,210,js,e621152c,Thomas Deitel,2026-05-08,13:23:04,-07:00,2026-05-08T13:23:04-07:00,0,0
meta/main.js,211,js,e621152c,Thomas Deitel,2026-05-08,13:23:04,-07:00,2026-05-08T13:23:04-07:00,1,1
meta/main.js,212,js,e621152c,Thomas Deitel,2026-05-08,13:23:04,-07:00,2026-05-08T13:23:04-07:00,2,10
meta/main.js,213,js,e621152c,Thomas Deitel,2026-05-08,13:23:04,-07:00,2026-05-08T13:23:04-07:00,2,25
meta/main.js,214,js,e621152c,Thomas Deitel,2026-05-08,13:23:04,-07:00,2026-05-08T13:23:04-07:00,2,52
meta/main.js,215,js,e621152c,Thomas Deitel,2026-05-08,13:23:04,-07:00,2026-05-08T13:23:04-07:00,2,68
meta/main.js,216,js,e621152c,Thomas Deitel,2026-05-08,13:23:04,-07:00,2026-05-08T13:23:04-07:00,0,0
meta/main.js,217,js,e621152c,Thomas Deitel,2026-05-08,13:23:04,-07:00,2026-05-08T13:23:04-07:00,1,1
meta/main.js,218,js,e621152c,Thomas Deitel,2026-05-08,13:23:04,-07:00,2026-05-08T13:23:04-07:00,2,10
meta/main.js,219,js,e621152c,Thomas Deitel,2026-05-08,13:23:04,-07:00,2026-05-08T13:23:04-07:00,2,22
meta/main.js,220,js,e621152c,Thomas Deitel,2026-05-08,13:23:04,-07:00,2026-05-08T13:23:04-07:00,2,54
meta/main.js,221,js,e621152c,Thomas Deitel,2026-05-08,13:23:04,-07:00,2026-05-08T13:23:04-07:00,2,27
meta/main.js,222,js,e621152c,Thomas Deitel,2026-05-08,13:23:04,-07:00,2026-05-08T13:23:04-07:00,0,0
meta/main.js,223,js,e621152c,Thomas Deitel,2026-05-08,13:23:04,-07:00,2026-05-08T13:23:04-07:00,1,1
meta/main.js,224,js,e621152c,Thomas Deitel,2026-05-08,13:23:04,-07:00,2026-05-08T13:23:04-07:00,2,10
meta/main.js,225,js,e621152c,Thomas Deitel,2026-05-08,13:23:04,-07:00,2026-05-08T13:23:04-07:00,2,22
meta/main.js,226,js,e621152c,Thomas Deitel,2026-05-08,13:23:04,-07:00,2026-05-08T13:23:04-07:00,2,52
meta/main.js,227,js,e621152c,Thomas Deitel,2026-05-08,13:23:04,-07:00,2026-05-08T13:23:04-07:00,2,4
meta/main.js,228,js,e621152c,Thomas Deitel,2026-05-08,13:23:04,-07:00,2026-05-08T13:23:04-07:00,3,0
meta/main.js,229,js,e621152c,Thomas Deitel,2026-05-08,13:23:04,-07:00,2026-05-08T13:23:04-07:00,4,15
meta/main.js,230,js,e621152c,Thomas Deitel,2026-05-08,13:23:04,-07:00,2026-05-08T13:23:04-07:00,4,58
meta/main.js,231,js,e621152c,Thomas Deitel,2026-05-08,13:23:04,-07:00,2026-05-08T13:23:04-07:00,2,0
meta/main.js,232,js,e621152c,Thomas Deitel,2026-05-08,13:23:04,-07:00,2026-05-08T13:23:04-07:00,0,0
meta/main.js,233,js,e621152c,Thomas Deitel,2026-05-08,13:23:04,-07:00,2026-05-08T13:23:04-07:00,1,49
meta/main.js,234,js,e621152c,Thomas Deitel,2026-05-08,13:23:04,-07:00,2026-05-08T13:23:04-07:00,1,59
meta/main.js,235,js,e621152c,Thomas Deitel,2026-05-08,13:23:04,-07:00,2026-05-08T13:23:04-07:00,0,0
meta/main.js,236,js,e621152c,Thomas Deitel,2026-05-08,13:23:04,-07:00,2026-05-08T13:23:04-07:00,1,2
meta/main.js,237,js,e621152c,Thomas Deitel,2026-05-08,13:23:04,-07:00,2026-05-08T13:23:04-07:00,2,18
meta/main.js,238,js,e621152c,Thomas Deitel,2026-05-08,13:23:04,-07:00,2026-05-08T13:23:04-07:00,2,18
meta/main.js,239,js,e621152c,Thomas Deitel,2026-05-08,13:23:04,-07:00,2026-05-08T13:23:04-07:00,2,13
meta/main.js,240,js,e621152c,Thomas Deitel,2026-05-08,13:23:04,-07:00,2026-05-08T13:23:04-07:00,2,36
meta/main.js,241,js,e621152c,Thomas Deitel,2026-05-08,13:23:04,-07:00,2026-05-08T13:23:04-07:00,2,36
meta/main.js,242,js,e621152c,Thomas Deitel,2026-05-08,13:23:04,-07:00,2026-05-08T13:23:04-07:00,2,37
meta/main.js,243,js,e621152c,Thomas Deitel,2026-05-08,13:23:04,-07:00,2026-05-08T13:23:04-07:00,2,24
meta/main.js,244,js,e621152c,Thomas Deitel,2026-05-08,13:23:04,-07:00,2026-05-08T13:23:04-07:00,2,25
meta/main.js,245,js,e621152c,Thomas Deitel,2026-05-08,13:23:04,-07:00,2026-05-08T13:23:04-07:00,2,36
meta/main.js,246,js,e621152c,Thomas Deitel,2026-05-08,13:23:04,-07:00,2026-05-08T13:23:04-07:00,3,54
meta/main.js,247,js,e621152c,Thomas Deitel,2026-05-08,13:23:04,-07:00,2026-05-08T13:23:04-07:00,3,27
meta/main.js,248,js,e621152c,Thomas Deitel,2026-05-08,13:23:04,-07:00,2026-05-08T13:23:04-07:00,3,28
meta/main.js,249,js,e621152c,Thomas Deitel,2026-05-08,13:23:04,-07:00,2026-05-08T13:23:04-07:00,3,27
meta/main.js,250,js,e621152c,Thomas Deitel,2026-05-08,13:23:04,-07:00,2026-05-08T13:23:04-07:00,2,0
meta/main.js,251,js,e621152c,Thomas Deitel,2026-05-08,13:23:04,-07:00,2026-05-08T13:23:04-07:00,2,37
meta/main.js,252,js,e621152c,Thomas Deitel,2026-05-08,13:23:04,-07:00,2026-05-08T13:23:04-07:00,2,28
meta/main.js,253,js,e621152c,Thomas Deitel,2026-05-08,13:23:04,-07:00,2026-05-08T13:23:04-07:00,3,56
meta/main.js,254,js,e621152c,Thomas Deitel,2026-05-08,13:23:04,-07:00,2026-05-08T13:23:04-07:00,3,29
meta/main.js,255,js,e621152c,Thomas Deitel,2026-05-08,13:23:04,-07:00,2026-05-08T13:23:04-07:00,2,1
meta/main.js,256,js,e621152c,Thomas Deitel,2026-05-08,13:23:04,-07:00,2026-05-08T13:23:04-07:00,0,0
meta/main.js,257,js,e621152c,Thomas Deitel,2026-05-08,13:23:04,-07:00,2026-05-08T13:23:04-07:00,1,23
meta/main.js,258,js,e621152c,Thomas Deitel,2026-05-08,13:23:04,-07:00,2026-05-08T13:23:04-07:00,2,32
meta/main.js,259,js,e621152c,Thomas Deitel,2026-05-08,13:23:04,-07:00,2026-05-08T13:23:04-07:00,2,2
meta/main.js,260,js,e621152c,Thomas Deitel,2026-05-08,13:23:04,-07:00,2026-05-08T13:23:04-07:00,3,18
meta/main.js,261,js,e621152c,Thomas Deitel,2026-05-08,13:23:04,-07:00,2026-05-08T13:23:04-07:00,3,68
meta/main.js,262,js,e621152c,Thomas Deitel,2026-05-08,13:23:04,-07:00,2026-05-08T13:23:04-07:00,2,30
meta/main.js,263,js,e621152c,Thomas Deitel,2026-05-08,13:23:04,-07:00,2026-05-08T13:23:04-07:00,2,33
meta/main.js,264,js,e621152c,Thomas Deitel,2026-05-08,13:23:04,-07:00,2026-05-08T13:23:04-07:00,1,0
meta/main.js,265,js,e621152c,Thomas Deitel,2026-05-08,13:23:04,-07:00,2026-05-08T13:23:04-07:00,0,0
meta/main.js,266,js,e621152c,Thomas Deitel,2026-05-08,13:23:04,-07:00,2026-05-08T13:23:04-07:00,1,50
meta/main.js,267,js,e621152c,Thomas Deitel,2026-05-08,13:23:04,-07:00,2026-05-08T13:23:04-07:00,1,43
meta/main.js,268,js,e621152c,Thomas Deitel,2026-05-08,13:23:04,-07:00,2026-05-08T13:23:04-07:00,0,0
meta/main.js,269,js,e621152c,Thomas Deitel,2026-05-08,13:23:04,-07:00,2026-05-08T13:23:04-07:00,0,0
meta/main.js,270,js,e621152c,Thomas Deitel,2026-05-08,13:23:04,-07:00,2026-05-08T13:23:04-07:00,0,28
meta/main.js,271,js,e621152c,Thomas Deitel,2026-05-08,13:23:04,-07:00,2026-05-08T13:23:04-07:00,0,29
meta/main.js,272,js,e621152c,Thomas Deitel,2026-05-08,13:23:04,-07:00,2026-05-08T13:23:04-07:00,0,0
meta/main.js,273,js,e621152c,Thomas Deitel,2026-05-08,13:23:04,-07:00,2026-05-08T13:23:04-07:00,0,30
meta/main.js,274,js,e621152c,Thomas Deitel,2026-05-08,13:23:04,-07:00,2026-05-08T13:23:04-07:00,0,18
meta/index.html,1,html,e621152c,Thomas Deitel,2026-05-08,13:23:04,-07:00,2026-05-08T13:23:04-07:00,0,13
meta/index.html,2,html,e621152c,Thomas Deitel,2026-05-08,13:23:04,-07:00,2026-05-08T13:23:04-07:00,0,14
meta/index.html,3,html,e621152c,Thomas Deitel,2026-05-08,13:23:04,-07:00,2026-05-08T13:23:04-07:00,0,4
meta/index.html,4,html,e621152c,Thomas Deitel,2026-05-08,13:23:04,-07:00,2026-05-08T13:23:04-07:00,1,20
meta/index.html,5,html,e621152c,Thomas Deitel,2026-05-08,13:23:04,-07:00,2026-05-08T13:23:04-07:00,1,68
meta/index.html,6,html,e621152c,Thomas Deitel,2026-05-08,13:23:04,-07:00,2026-05-08T13:23:04-07:00,1,46
meta/index.html,7,html,e621152c,Thomas Deitel,2026-05-08,13:23:04,-07:00,2026-05-08T13:23:04-07:00,1,41
meta/index.html,8,html,e621152c,Thomas Deitel,2026-05-08,13:23:04,-07:00,2026-05-08T13:23:04-07:00,1,48
meta/index.html,9,html,e621152c,Thomas Deitel,2026-05-08,13:23:04,-07:00,2026-05-08T13:23:04-07:00,1,43
meta/index.html,10,html,e621152c,Thomas Deitel,2026-05-08,13:23:04,-07:00,2026-05-08T13:23:04-07:00,0,5
meta/index.html,11,html,e621152c,Thomas Deitel,2026-05-08,13:23:04,-07:00,2026-05-08T13:23:04-07:00,0,4
meta/index.html,12,html,e621152c,Thomas Deitel,2026-05-08,13:23:04,-07:00,2026-05-08T13:23:04-07:00,1,4
meta/index.html,13,html,e621152c,Thomas Deitel,2026-05-08,13:23:04,-07:00,2026-05-08T13:23:04-07:00,2,38
meta/index.html,14,html,e621152c,Thomas Deitel,2026-05-08,13:23:04,-07:00,2026-05-08T13:23:04-07:00,3,43
meta/index.html,15,html,e621152c,Thomas Deitel,2026-05-08,13:23:04,-07:00,2026-05-08T13:23:04-07:00,3,105
meta/index.html,16,html,e621152c,Thomas Deitel,2026-05-08,13:23:04,-07:00,2026-05-08T13:23:04-07:00,3,20
meta/index.html,17,html,e621152c,Thomas Deitel,2026-05-08,13:23:04,-07:00,2026-05-08T13:23:04-07:00,2,8
meta/index.html,18,html,e621152c,Thomas Deitel,2026-05-08,13:23:04,-07:00,2026-05-08T13:23:04-07:00,0,0
meta/index.html,19,html,e621152c,Thomas Deitel,2026-05-08,13:23:04,-07:00,2026-05-08T13:23:04-07:00,2,41
meta/index.html,20,html,e621152c,Thomas Deitel,2026-05-08,13:23:04,-07:00,2026-05-08T13:23:04-07:00,3,50
meta/index.html,21,html,e621152c,Thomas Deitel,2026-05-08,13:23:04,-07:00,2026-05-08T13:23:04-07:00,3,45
meta/index.html,22,html,e621152c,Thomas Deitel,2026-05-08,13:23:04,-07:00,2026-05-08T13:23:04-07:00,3,20
meta/index.html,23,html,e621152c,Thomas Deitel,2026-05-08,13:23:04,-07:00,2026-05-08T13:23:04-07:00,3,45
meta/index.html,24,html,e621152c,Thomas Deitel,2026-05-08,13:23:04,-07:00,2026-05-08T13:23:04-07:00,2,8
meta/index.html,25,html,e621152c,Thomas Deitel,2026-05-08,13:23:04,-07:00,2026-05-08T13:23:04-07:00,1,5
meta/index.html,26,html,e621152c,Thomas Deitel,2026-05-08,13:23:04,-07:00,2026-05-08T13:23:04-07:00,0,0
meta/index.html,27,html,e621152c,Thomas Deitel,2026-05-08,13:23:04,-07:00,2026-05-08T13:23:04-07:00,1,50
meta/index.html,28,html,e621152c,Thomas Deitel,2026-05-08,13:23:04,-07:00,2026-05-08T13:23:04-07:00,2,13
meta/index.html,29,html,e621152c,Thomas Deitel,2026-05-08,13:23:04,-07:00,2026-05-08T13:23:04-07:00,2,2
meta/index.html,30,html,e621152c,Thomas Deitel,2026-05-08,13:23:04,-07:00,2026-05-08T13:23:04-07:00,3,72
meta/index.html,31,html,e621152c,Thomas Deitel,2026-05-08,13:23:04,-07:00,2026-05-08T13:23:04-07:00,2,3
meta/index.html,32,html,e621152c,Thomas Deitel,2026-05-08,13:23:04,-07:00,2026-05-08T13:23:04-07:00,0,0
meta/index.html,33,html,e621152c,Thomas Deitel,2026-05-08,13:23:04,-07:00,2026-05-08T13:23:04-07:00,2,11
meta/index.html,34,html,e621152c,Thomas Deitel,2026-05-08,13:23:04,-07:00,2026-05-08T13:23:04-07:00,2,24
meta/index.html,35,html,e621152c,Thomas Deitel,2026-05-08,13:23:04,-07:00,2026-05-08T13:23:04-07:00,0,0
meta/index.html,36,html,e621152c,Thomas Deitel,2026-05-08,13:23:04,-07:00,2026-05-08T13:23:04-07:00,2,11
meta/index.html,37,html,e621152c,Thomas Deitel,2026-05-08,13:23:04,-07:00,2026-05-08T13:23:04-07:00,2,24
meta/index.html,38,html,e621152c,Thomas Deitel,2026-05-08,13:23:04,-07:00,2026-05-08T13:23:04-07:00,0,0
meta/index.html,39,html,e621152c,Thomas Deitel,2026-05-08,13:23:04,-07:00,2026-05-08T13:23:04-07:00,2,13
meta/index.html,40,html,e621152c,Thomas Deitel,2026-05-08,13:23:04,-07:00,2026-05-08T13:23:04-07:00,2,26
meta/index.html,41,html,e621152c,Thomas Deitel,2026-05-08,13:23:04,-07:00,2026-05-08T13:23:04-07:00,0,0
meta/index.html,42,html,e621152c,Thomas Deitel,2026-05-08,13:23:04,-07:00,2026-05-08T13:23:04-07:00,2,19
meta/index.html,43,html,e621152c,Thomas Deitel,2026-05-08,13:23:04,-07:00,2026-05-08T13:23:04-07:00,2,25
meta/index.html,44,html,e621152c,Thomas Deitel,2026-05-08,13:23:04,-07:00,2026-05-08T13:23:04-07:00,1,3
meta/index.html,45,html,e621152c,Thomas Deitel,2026-05-08,13:23:04,-07:00,2026-05-08T13:23:04-07:00,0,5
meta/index.html,46,html,e621152c,Thomas Deitel,2026-05-08,13:23:04,-07:00,2026-05-08T13:23:04-07:00,0,5
contact/index.html,1,html,51089c59,Thomas Deitel,2026-04-03,16:07:20,-07:00,2026-04-03T16:07:20-07:00,0,13
contact/index.html,2,html,51089c59,Thomas Deitel,2026-04-03,16:07:20,-07:00,2026-04-03T16:07:20-07:00,0,14
contact/index.html,3,html,51089c59,Thomas Deitel,2026-04-03,16:07:20,-07:00,2026-04-03T16:07:20-07:00,0,4
contact/index.html,4,html,51089c59,Thomas Deitel,2026-04-03,16:07:20,-07:00,2026-04-03T16:07:20-07:00,1,20
contact/index.html,5,html,51089c59,Thomas Deitel,2026-04-03,16:07:20,-07:00,2026-04-03T16:07:20-07:00,1,68
contact/index.html,6,html,51089c59,Thomas Deitel,2026-04-03,16:07:20,-07:00,2026-04-03T16:07:20-07:00,1,35
contact/index.html,7,html,51089c59,Thomas Deitel,2026-04-03,16:07:20,-07:00,2026-04-03T16:07:20-07:00,1,41
contact/index.html,8,html,2bad54e6,Thomas Deitel,2026-04-17,14:41:47,-07:00,2026-04-17T14:41:47-07:00,1,48
contact/index.html,9,html,51089c59,Thomas Deitel,2026-04-03,16:07:20,-07:00,2026-04-03T16:07:20-07:00,0,5
contact/index.html,10,html,51089c59,Thomas Deitel,2026-04-03,16:07:20,-07:00,2026-04-03T16:07:20-07:00,0,4
contact/index.html,11,html,51089c59,Thomas Deitel,2026-04-03,16:07:20,-07:00,2026-04-03T16:07:20-07:00,1,14
contact/index.html,12,html,2bad54e6,Thomas Deitel,2026-04-17,14:41:47,-07:00,2026-04-17T14:41:47-07:00,1,50
contact/index.html,13,html,58496286,Thomas Deitel,2026-04-03,16:09:59,-07:00,2026-04-03T16:09:59-07:00,2,5
contact/index.html,14,html,58496286,Thomas Deitel,2026-04-03,16:09:59,-07:00,2026-04-03T16:09:59-07:00,3,3
contact/index.html,15,html,189b3d7f,Thomas Deitel,2026-04-03,16:20:12,-07:00,2026-04-03T16:20:12-07:00,3,68
contact/index.html,16,html,58496286,Thomas Deitel,2026-04-03,16:09:59,-07:00,2026-04-03T16:09:59-07:00,2,6
contact/index.html,17,html,58496286,Thomas Deitel,2026-04-03,16:09:59,-07:00,2026-04-03T16:09:59-07:00,2,5
contact/index.html,18,html,58496286,Thomas Deitel,2026-04-03,16:09:59,-07:00,2026-04-03T16:09:59-07:00,3,5
contact/index.html,19,html,189b3d7f,Thomas Deitel,2026-04-03,16:20:12,-07:00,2026-04-03T16:20:12-07:00,3,50
contact/index.html,20,html,58496286,Thomas Deitel,2026-04-03,16:09:59,-07:00,2026-04-03T16:09:59-07:00,2,6
contact/index.html,21,html,58496286,Thomas Deitel,2026-04-03,16:09:59,-07:00,2026-04-03T16:09:59-07:00,2,5
contact/index.html,22,html,58496286,Thomas Deitel,2026-04-03,16:09:59,-07:00,2026-04-03T16:09:59-07:00,3,5
contact/index.html,23,html,189b3d7f,Thomas Deitel,2026-04-03,16:20:12,-07:00,2026-04-03T16:20:12-07:00,3,96
contact/index.html,24,html,58496286,Thomas Deitel,2026-04-03,16:09:59,-07:00,2026-04-03T16:09:59-07:00,2,6
contact/index.html,25,html,58496286,Thomas Deitel,2026-04-03,16:09:59,-07:00,2026-04-03T16:09:59-07:00,2,19
contact/index.html,26,html,58496286,Thomas Deitel,2026-04-03,16:09:59,-07:00,2026-04-03T16:09:59-07:00,1,5
contact/index.html,27,html,51089c59,Thomas Deitel,2026-04-03,16:07:20,-07:00,2026-04-03T16:07:20-07:00,0,5
contact/index.html,28,html,51089c59,Thomas Deitel,2026-04-03,16:07:20,-07:00,2026-04-03T16:07:20-07:00,0,5
